player,minutes_played,finishing,early_shots,linkup_play,carrying,work_rate,back_to_goal,headed_duels,matches_played,avg_minutes_per_match,competition_id,season_id
Teddy Sheringham,91,10.0,9.94,7.18,1.35,3.65,8.65,10.0,1,91.0,2,44
Daniel Olmo Carvajal,93,10.0,10.0,5.92,5.66,8.95,2.11,9.87,1,93.0,9,281
Georges Mikautadze,350,10.0,10.0,9.78,9.89,9.68,7.1,4.3,4,87.5,55,282
Gonzalo Gerardo Higuaín,2999,10.0,9.16,9.23,7.48,6.71,5.87,8.45,35,85.69,12,27
Ludovic Blas,93,10.0,9.92,7.81,6.09,6.41,8.75,4.53,1,93.0,7,235
Omar El Kaddouri,4,9.94,10.0,0.45,0.32,0.84,0.42,3.19,1,4.0,12,27
Mohamed Salah,790,9.87,9.55,9.94,8.65,9.94,6.84,6.84,9,87.78,12,27
Lionel Andrés Messi Cuccittini,2311,9.87,9.22,9.87,9.74,9.09,7.27,8.96,26,88.88,11,90
Enner Remberto Valencia Lastra,258,9.85,9.77,9.77,8.2,8.87,6.47,9.32,3,86.0,43,106
Krzysztof Piątek,59,9.84,9.78,4.41,2.26,8.71,1.83,4.3,1,59.0,55,282
Mama Samba Baldé,89,9.84,8.44,7.03,8.44,4.84,6.72,4.53,1,89.0,7,235
Ike Ugbo,75,9.84,10.0,4.05,4.44,7.3,1.11,4.52,1,75.0,7,108
Jesús Joaquín Fernández Sáez de la Torre,459,9.81,9.48,7.87,7.61,6.39,8.97,3.19,7,65.57,12,27
Jaime Mata Arnaiz,91,9.81,8.97,4.74,4.17,9.49,2.63,4.62,1,91.0,11,4
André Ayew Pelé,76,9.77,9.17,2.67,2.52,4.21,3.31,4.1,1,76.0,43,106
Ante Budimir,165,9.75,9.87,6.08,8.48,4.18,9.49,9.43,2,82.5,11,42
Ikoma Loïs Openda,165,9.74,9.74,1.32,7.5,9.87,1.58,8.68,2,82.5,9,281
Eiður Smári Guðjohnsen,59,9.71,9.53,4.29,5.53,6.24,5.18,4.65,1,59.0,2,44
Tomasz Radziński,92,9.71,9.18,3.76,4.24,4.35,9.24,4.65,1,92.0,2,44
Grejohn Kyei,83,9.69,9.45,4.22,6.25,6.56,5.47,4.53,1,83.0,7,235
Luka Jović,62,9.68,9.46,5.48,6.13,1.83,2.9,9.73,2,31.0,55,282
Jakub Błaszczykowski,34,9.68,9.9,2.06,2.23,2.26,2.16,3.19,1,34.0,12,27
Stephan El Shaarawy,152,9.68,9.61,5.1,2.13,3.42,3.1,3.19,2,76.0,12,27
Anthony Mounier,93,9.68,9.9,2.77,2.52,3.23,3.03,3.19,1,93.0,12,27
Randal Kolo Muani,184,9.68,9.68,5.71,5.08,5.56,5.08,9.52,2,92.0,7,108
Álvaro Giménez Candela,61,9.68,9.35,2.21,5.58,6.75,4.55,4.35,1,61.0,11,90
Cody Mathès Gakpo,456,9.62,10.0,8.95,9.62,9.17,7.22,9.21,5,91.2,43,106
Cristhian Ricardo Stuani Curbelo,184,9.62,9.87,1.92,3.85,8.72,3.85,4.62,2,92.0,11,4
Victor Okoh Boniface,1499,9.61,9.47,9.08,10.0,8.42,8.42,8.55,22,68.14,9,281
Adam Buksa,153,9.57,8.39,3.87,3.71,3.44,1.08,9.73,2,76.5,55,282
Mauro Emanuel Icardi Rivero,2612,9.55,9.42,6.26,6.19,6.32,6.9,7.94,33,79.15,12,27
Richarlison de Andrade,325,9.55,9.02,8.46,8.8,9.55,6.99,4.1,4,81.25,43,106
Thierry Henry,3368,9.53,9.29,8.71,10.0,9.29,7.06,9.53,37,91.03,2,44
Kevin Volland,24,9.53,9.92,5.78,6.8,2.34,9.84,4.53,1,24.0,7,235
José Manuel Arnáiz Díaz,70,9.49,9.3,0.51,8.29,5.06,2.09,4.37,1,70.0,11,42
Fyodor Smolov,60,9.49,9.62,2.41,9.11,7.59,0.51,4.37,1,60.0,11,42
Dries Mertens,198,9.48,7.1,5.23,3.81,4.77,3.42,9.94,3,66.0,12,27
Mehdi Taremi,299,9.47,8.87,9.1,10.0,9.02,9.02,4.1,3,99.67,43,106
Niclas Füllkrug,189,9.47,8.82,6.97,7.37,7.63,7.63,4.21,2,94.5,9,281
Khvicha Kvaratskhelia,265,9.46,8.06,9.68,10.0,9.89,1.4,4.3,3,88.33,55,282
Carlos Arturo Bacca Ahumada,3174,9.42,9.35,8.0,7.35,8.52,6.06,7.87,38,83.53,12,27
Julián Álvarez,428,9.4,9.25,7.37,9.85,7.29,7.52,4.1,6,71.33,43,106
Kylian Mbappé Lottin,2221,9.38,9.06,9.69,10.0,8.12,7.5,4.53,26,85.42,7,235
Cenk Tosun,28,9.35,9.78,0.7,1.4,0.86,4.78,4.3,2,14.0,55,282
Ioan Viorel Ganea,91,9.35,9.0,8.82,7.06,5.65,2.29,4.65,1,91.0,2,44
Harry Kewell,91,9.35,8.82,7.65,7.65,7.88,9.06,4.65,1,91.0,2,44
Leonardo Pavoletti,1933,9.35,8.52,4.65,6.26,5.16,9.74,9.29,25,77.32,12,27
Eder Citadin Martins,1666,9.29,8.97,9.35,8.9,9.35,9.42,8.13,23,72.43,12,27
Terem Igobor Moffi,167,9.29,9.52,7.3,3.81,9.68,4.29,4.52,2,83.5,7,108
Osman Bukari,19,9.29,9.7,6.92,2.52,9.77,3.87,10.0,1,19.0,43,106
Andy Delort,117,9.29,8.89,3.33,6.11,3.65,3.65,9.37,2,58.5,7,108
Arnaldo Antonio Sanabria Ayala,70,9.29,9.09,1.49,3.51,9.74,2.34,4.35,1,70.0,11,90
Santiago Mina Lorenzo,120,9.29,8.25,2.47,2.73,3.9,2.73,4.35,2,60.0,11,90
Deniz Undav,156,9.28,8.95,9.47,4.87,4.08,6.18,9.28,2,78.0,9,281
Florian Wirtz,270,9.28,9.87,10.0,9.87,7.89,9.21,4.21,3,90.0,9,281
Gervais Lombe Yao Kouassi,539,9.23,8.39,10.0,9.68,9.81,3.48,8.97,6,89.83,12,27
Joaquín Sánchez Rodríguez,58,9.23,8.78,8.4,5.32,4.74,2.05,4.62,1,58.0,11,4
Sergio Canales Madrazo,33,9.23,9.49,3.46,3.4,1.15,3.33,4.62,1,33.0,11,4
Hernán Jorge Crespo,90,9.18,9.0,1.53,4.53,8.59,1.71,4.65,1,90.0,2,44
Mario Mandžukić,2057,9.16,8.32,8.39,7.03,5.35,9.1,9.48,27,76.19,12,27
Bradley Barcola,71,9.14,9.45,8.28,6.8,5.16,7.03,4.53,1,71.0,7,235
Breel-Donald Embolo,328,9.1,9.32,9.47,9.55,8.12,6.92,4.1,4,82.0,43,106
Paulo Bruno Exequiel Dybala,2408,9.1,8.19,9.48,8.26,8.77,6.45,6.52,33,72.97,12,27
Oscar Vilhelmsson,124,9.08,8.68,4.61,6.97,6.84,6.58,9.28,2,62.0,9,281
Robbie Keane,189,9.06,9.65,6.35,8.59,7.06,1.53,4.65,2,94.5,2,44
Gaëtan Laborde,175,9.05,8.41,2.7,6.67,7.62,7.3,4.52,2,87.5,7,108
Harry Kane,601,9.03,8.82,8.82,8.6,8.82,7.53,8.6,7,85.86,55,282
Roberto Soriano,185,9.03,8.77,6.13,3.55,5.87,4.06,3.19,2,92.5,12,27
Olivier Giroud,472,9.02,8.5,8.35,8.87,3.16,9.77,9.1,6,78.67,43,106
Adem Ljajić,310,8.97,9.23,8.84,9.61,3.68,6.26,3.19,6,51.67,12,27
Patrik Schick,1053,8.95,9.08,8.16,9.21,4.74,7.76,8.82,19,55.42,9,281
Arda Güler,251,8.92,9.57,9.35,8.28,7.85,5.38,4.3,3,83.67,55,282
Luca Paganini,99,8.9,9.81,1.29,0.71,2.65,1.16,3.19,2,49.5,12,27
Paul Dickov,111,8.88,9.41,9.0,4.71,8.94,2.71,9.65,2,55.5,2,44
Paolo Di Canio,138,8.88,9.76,5.76,6.82,3.29,5.06,4.65,2,69.0,2,44
Aleksandar Mitrović,266,8.87,8.35,8.05,8.12,9.25,5.41,9.4,3,88.67,43,106
Diego da Silva Costa,106,8.85,9.49,4.36,2.95,3.08,7.82,9.74,2,53.0,11,4
Duván Esteban Zapata Banguera,1548,8.84,8.06,7.55,9.03,8.06,7.55,8.97,25,61.92,12,27
Ousmane Dembélé,429,8.83,8.44,9.74,9.87,8.57,4.94,9.16,6,71.5,11,90
Folarin Balogun,95,8.83,7.34,1.88,2.97,8.28,7.34,4.53,1,95.0,7,235
Branco van den Boomen,92,8.83,8.2,7.97,5.0,7.19,9.38,4.53,1,92.0,7,235
Borja Mayoral Moya,126,8.8,7.72,8.35,7.03,5.32,6.33,4.37,2,63.0,11,42
Alphonso Davies,277,8.8,9.1,6.09,9.7,9.7,4.59,9.62,3,92.33,43,106
Umar Sadiq Mesbah,195,8.77,9.68,1.68,4.39,1.81,1.55,9.35,4,48.75,12,27
Marko Arnautović,283,8.76,9.35,7.53,8.39,9.25,9.46,4.3,4,70.75,55,282
Denis Mihai Drăguş,292,8.76,9.14,8.71,9.25,6.24,5.16,4.3,4,73.0,55,282
Michael Owen,159,8.71,8.35,3.06,5.82,7.65,8.0,4.65,2,79.5,2,44
Alberto Paloschi,1692,8.71,8.9,4.58,6.45,7.16,3.23,9.61,21,80.57,12,27
Tim Kleindienst,173,8.68,8.36,2.04,3.29,5.66,6.32,9.28,2,86.5,9,281
Maximilian Beier,157,8.68,9.34,7.5,8.68,6.58,7.37,4.21,2,78.5,9,281
Gue-Sung Cho,291,8.65,8.2,7.29,9.17,7.89,9.7,9.92,4,72.75,43,106
Alberto Gilardino,2371,8.65,8.84,5.29,5.81,8.26,7.81,8.97,33,71.85,12,27
Luuk de Jong,145,8.64,7.79,2.99,1.69,3.12,5.91,4.35,2,72.5,11,90
Iago Aspas Juncal,185,8.61,8.86,8.1,6.71,5.19,2.41,9.75,2,92.5,11,42
Barnabás Varga,255,8.6,8.49,7.42,8.06,7.74,8.6,9.03,3,85.0,55,282
Luis Alberto Suárez Díaz,2669,8.59,8.46,9.87,10.0,8.59,7.56,9.23,31,86.1,11,4
Neymar da Silva Santos Junior,369,8.59,8.75,10.0,9.84,9.22,6.88,9.22,4,92.25,7,235
Robert Pirès,180,8.59,8.12,9.29,6.47,10.0,2.94,4.65,2,90.0,2,44
Miroslav Klose,1328,8.58,8.58,3.35,8.06,5.55,8.52,8.39,22,60.36,12,27
Gareth Frank Bale,188,8.57,9.85,6.69,5.04,5.71,5.71,4.1,2,94.0,43,106
Marco Borriello,1605,8.52,6.97,8.52,8.58,8.9,4.39,9.74,26,61.73,12,27
Jean-Eric Maxim Choupo-Moting,264,8.5,9.62,7.14,9.32,4.14,10.0,4.1,3,88.0,43,106
Kai Havertz,397,8.49,8.28,9.25,9.46,5.91,9.57,10.0,5,79.4,55,282
Alexander Isak,146,8.48,8.73,5.95,8.86,7.85,5.32,9.43,2,73.0,11,42
Nicolas Anelka,177,8.47,8.47,7.76,6.12,7.29,4.0,4.65,2,88.5,2,44
Kevin Gameiro,105,8.46,9.49,3.46,8.72,3.85,1.41,4.62,2,52.5,11,4
Federico Dionisi,2117,8.45,8.45,9.03,7.55,9.87,7.23,8.26,26,81.42,12,27
Karl Brillant Toko Ekambi,92,8.44,8.2,8.59,6.8,6.88,4.84,4.53,1,92.0,7,235
Wout Weghorst,172,8.42,8.36,6.32,3.16,4.21,7.5,4.21,2,86.0,9,281
Daizen Maeda,180,8.42,7.44,4.1,1.2,5.94,7.37,4.1,3,60.0,43,106
Mauro Matías Zárate,287,8.39,7.74,7.23,9.16,2.9,6.97,8.97,6,47.83,12,27
Alan Smith,180,8.35,8.71,5.18,4.0,6.47,6.71,4.65,2,90.0,2,44
Massimo Maccarone,2762,8.32,6.65,5.55,6.71,7.23,8.84,8.71,36,76.72,12,27
Amine Adli,211,8.29,8.16,6.45,5.92,6.71,3.29,4.21,5,42.2,9,281
Ivan Toney,46,8.28,8.71,2.37,0.43,6.13,7.2,4.3,3,15.33,55,282
Ollie Watkins,62,8.28,8.92,0.7,0.97,1.94,1.61,4.3,3,20.67,55,282
Andrea Belotti,2638,8.26,8.71,8.45,7.94,6.0,7.74,7.77,35,75.37,12,27
Maximiliano Gómez González,178,8.25,8.77,4.42,7.14,4.16,2.47,9.55,2,89.0,11,90
Anssumane Fati,123,8.25,7.4,6.56,5.84,5.97,2.99,4.35,2,61.5,11,90
Álvaro Negredo Sánchez,89,8.25,8.77,4.29,5.58,8.05,5.19,4.35,2,44.5,11,90
Yakubu Aiyegbeni,150,8.24,7.88,4.59,7.76,9.06,7.65,4.65,2,75.0,2,44
Antoine Griezmann,1262,8.23,8.99,9.87,9.49,8.86,9.37,8.73,17,74.24,11,42
Robert Lewandowski,380,8.2,7.89,7.97,8.95,6.62,7.97,4.1,4,95.0,43,106
Radja Nainggolan,216,8.19,9.74,9.16,4.77,8.13,9.48,3.19,3,72.0,12,27
Alessio Cerci,501,8.13,8.65,9.1,9.1,7.74,8.32,3.19,10,50.1,12,27
Jonathan Bamba,84,8.12,7.97,6.48,4.69,8.91,1.41,4.53,1,84.0,7,235
Sylvain Wiltord,478,8.12,8.0,9.88,9.76,6.59,7.53,9.29,10,47.8,2,44
Youssef En-Nesyri,537,8.12,7.97,3.23,6.99,8.27,7.74,8.2,7,76.71,43,106
M''Baye Babacar Niang,984,8.06,7.94,7.16,9.23,9.16,5.23,3.19,13,75.69,12,27
Takuma Asano,181,8.05,8.95,3.76,6.84,4.44,3.46,8.95,4,45.25,43,106
Cyril Théréau,2725,8.0,7.29,8.77,8.19,8.45,9.29,7.29,33,82.58,12,27
José Antonio Reyes Calderón,661,8.0,7.53,9.53,9.88,9.41,7.88,9.41,13,50.85,2,44
Saleh Khalid Al Shehri,222,7.97,9.55,7.07,7.82,7.37,7.07,4.1,3,74.0,43,106
José María Callejón Bueno,280,7.94,7.48,7.68,5.35,6.45,5.81,3.19,4,70.0,12,27
Dennis Bergkamp,1665,7.88,8.24,9.76,9.53,8.0,8.12,4.65,26,64.04,2,44
Kevin Lasagna,1113,7.87,9.1,2.58,5.68,5.61,5.74,3.19,24,46.38,12,27
Michy Batshuayi Tunga,151,7.86,6.47,1.5,3.46,7.74,1.35,4.1,2,75.5,43,106
Vincent Paté Aboubakar,111,7.86,7.78,3.16,2.52,7.59,4.81,9.62,2,55.5,43,106
Memphis Depay,463,7.85,7.42,8.49,8.82,7.42,8.28,4.3,6,77.17,55,282
Simone Zaza,685,7.81,8.26,4.9,8.77,5.1,5.48,8.06,19,36.05,12,27
Nwankwo Christian Kanu,402,7.76,7.65,10.0,9.65,5.53,9.41,4.65,9,44.67,2,44
Gonçalo Matias Ramos,163,7.74,7.29,5.71,4.81,2.26,3.38,4.1,4,40.75,43,106
Cristiano Ronaldo dos Santos Aveiro,490,7.74,7.63,8.28,9.35,7.63,7.96,8.82,5,98.0,55,282
Mattia Destro,2181,7.74,7.87,5.42,7.81,6.19,2.0,6.39,27,80.78,12,27
Kevin-Prince Boateng,73,7.68,9.29,2.52,1.9,9.1,1.81,3.19,3,24.33,12,27
Ignatius Kpene Ganago,101,7.66,7.19,3.59,9.22,3.75,8.44,4.53,2,50.5,7,235
Roman Yaremchuk,125,7.63,8.17,7.04,4.62,4.84,5.05,4.3,3,41.67,55,282
Sergio Floccari,1408,7.61,6.58,8.06,5.55,7.42,7.16,8.65,20,70.4,12,27
Daniel Ciofani,2938,7.55,7.16,6.0,5.29,8.32,8.58,9.23,37,79.41,12,27
Pedro Guilherme Abreu dos Santos,71,7.52,7.56,4.81,4.47,2.48,4.21,4.1,2,35.5,43,106
Famara Diedhiou,90,7.52,6.92,1.43,2.52,7.82,3.23,8.76,2,45.0,43,106
Henry Josué Martín Mex,146,7.52,7.14,2.26,3.98,1.95,4.06,9.62,2,73.0,43,106
Arnaud Kalimuendo Muinga,150,7.5,8.91,6.25,5.31,9.53,2.03,4.53,2,75.0,7,235
Ciro Immobile,1009,7.48,6.19,4.97,9.29,9.29,3.55,7.39,14,72.07,12,27
Mauricio Ricardo Pinilla Ferreira,1364,7.42,8.13,6.65,7.16,7.35,7.87,8.0,20,68.2,12,27
Rafael Mir Vicente,181,7.4,7.14,8.31,9.22,5.71,5.06,4.35,2,90.5,11,90
Mohammed Muntari,68,7.37,8.42,3.38,0.94,3.31,8.87,8.38,3,22.67,43,106
Robin Quaison,412,7.35,9.03,7.74,8.39,4.52,3.81,3.19,7,58.86,12,27
Alessandro Matri,815,7.29,6.0,7.81,6.32,3.35,7.68,7.68,18,45.28,12,27
Martin Braithwaite Christensen,759,7.27,6.75,4.55,9.48,5.32,7.79,8.7,20,37.95,11,90
Franco Damián Vázquez,1546,7.23,6.77,9.42,8.97,9.68,8.9,6.94,17,90.94,12,27
Mitchell Thomas Duke,270,7.22,7.22,4.29,8.65,7.22,8.12,9.85,4,67.5,43,106
Kwadwo Duah,109,7.2,7.53,3.17,5.27,3.23,2.58,4.3,3,36.33,55,282
Hugo Ekitike,631,7.19,7.5,7.66,9.53,7.81,10.0,9.06,15,42.07,7,235
Luis Fernando Muriel Fruto,1541,7.16,6.45,7.61,8.52,6.65,7.35,7.55,26,59.27,12,27
Cheikh Ahmadou Bamba Mbacke Dieng,114,7.14,8.72,1.09,1.5,7.07,2.26,4.1,4,28.5,43,106
Michael Gregoritsch,135,7.1,5.38,5.16,3.33,4.41,9.03,8.71,4,33.75,55,282
Nikola Kalinić,2577,7.1,7.61,8.19,6.77,4.45,5.1,7.77,35,73.63,12,27
Bruno Petković,244,7.07,8.27,6.24,8.35,3.61,8.2,4.1,6,40.67,43,106
Germán Gustavo Denis,999,7.03,8.0,7.1,6.06,5.23,7.94,8.32,15,66.6,12,27
Mikel Oyarzabal Ugarte,146,6.99,6.24,6.24,3.12,3.87,5.59,4.3,6,24.33,55,282
Marco Asensio Willemsen,229,6.99,7.67,8.87,7.74,4.36,2.11,4.1,4,57.25,43,106
Manolo Gabbiadini,503,6.97,5.48,2.26,4.97,1.68,5.61,6.77,20,25.15,12,27
Edin Džeko,2017,6.9,5.74,7.48,6.58,5.68,8.65,9.55,31,65.06,12,27
Juan Manuel Iturbe Arévalo,55,6.84,6.32,1.1,4.26,1.1,8.0,3.19,3,18.33,12,27
Haji Wright,154,6.77,6.69,5.56,5.34,3.68,5.11,4.1,4,38.5,43,106
Luiz Adriano de Souza da Silva,1125,6.77,7.42,6.77,5.48,4.0,5.94,7.23,23,48.91,12,27
Luca Toni,1809,6.71,6.39,2.71,6.13,7.55,6.0,9.68,23,78.65,12,27
Lautaro Javier Martínez,270,6.69,7.37,2.86,8.5,6.92,6.54,4.1,6,45.0,43,106
Fabio Quagliarella,2604,6.65,6.13,7.42,6.65,7.81,5.03,8.77,31,84.0,12,27
Sergio Pellissier,951,6.58,7.68,5.68,5.23,3.55,5.42,9.16,18,52.83,12,27
Riccardo Meggiorini,1530,6.52,7.81,5.16,9.35,4.71,6.19,6.45,23,66.52,12,27
Gregoire Defrel,1891,6.45,6.84,8.58,8.0,7.87,6.52,3.19,29,65.21,12,27
Álvaro Borja Morata Martín,1375,6.39,7.35,6.32,6.9,4.84,7.61,7.16,31,44.35,12,27
Ivan Perišić,138,6.32,4.65,4.39,3.68,2.58,2.65,9.84,3,46.0,12,27
Stevan Jovetić,1330,6.26,5.81,8.26,7.29,8.58,9.61,3.19,21,63.33,12,27
Khouma El Hadji Babacar,778,6.19,5.16,3.68,4.32,5.74,3.94,6.58,15,51.87,12,27
Manuel Pucciarelli,3089,6.13,7.23,8.9,6.97,7.94,7.29,3.19,38,81.29,12,27
Uroš Đurđević,468,6.06,6.26,4.45,9.94,2.77,3.74,8.55,14,33.43,12,27
Maximiliano Gastón López,1127,6.0,5.61,3.81,5.1,3.81,4.45,6.65,26,43.35,12,27
Marcello Trotta,204,5.94,6.71,4.71,3.87,3.16,8.77,3.19,8,25.5,12,27
Giampaolo Pazzini,1919,5.87,6.06,4.0,5.42,6.26,5.16,7.1,29,66.17,12,27
Roberto Inglese,1409,5.81,7.55,3.87,4.71,5.81,7.42,7.55,26,54.19,12,27
Stipe Perica,471,5.74,5.1,6.71,7.42,7.61,4.97,9.42,11,42.82,12,27
Josef Alexander Martínez Mencia,906,5.68,5.55,4.52,5.61,3.61,4.77,3.19,17,53.29,12,27
Matteo Mancosu,915,5.61,6.52,3.03,8.45,3.48,3.68,3.19,20,45.75,12,27
Francesco Totti,372,5.55,5.03,8.71,8.32,9.23,9.16,3.19,11,33.82,12,27
Aleksandar Trajkovski,690,5.48,5.94,5.74,9.87,6.84,5.29,3.19,14,49.29,12,27
Jérémy Ménez,205,5.42,4.0,3.29,4.9,2.0,2.32,3.19,6,34.17,12,27
Serge Gakpé,637,5.35,5.87,8.97,7.68,5.29,6.65,10.0,8,79.62,12,27
Filip Đorđević,1325,5.29,5.35,3.74,5.94,6.52,4.71,8.19,27,49.07,12,27
Antonio Di Natale,1161,5.23,6.9,5.87,4.19,3.94,4.9,3.19,23,50.48,12,27
Diego Perotti,847,5.16,4.58,9.81,9.42,7.68,9.23,3.19,11,77.0,12,27
Antonio Cassano,992,5.1,4.26,7.94,7.1,6.9,8.45,3.19,18,55.11,12,27
Diego Falcinelli,1137,5.03,4.39,5.03,6.84,3.1,4.58,6.71,25,45.48,12,27
Marko Livaja,628,4.97,3.87,6.06,8.84,4.58,6.71,3.19,17,36.94,12,27
Mario Barwuah Balotelli,886,4.9,5.68,6.84,7.87,4.13,3.16,3.19,20,44.3,12,27
Jerry Uche Mbakogu,1718,4.84,5.23,4.84,7.74,9.03,4.19,7.03,24,71.58,12,27
Antonio Floro Flores,762,4.77,4.06,7.29,6.52,4.9,9.35,6.94,17,44.82,12,27
Rodrigo Sebastián Palacio,866,4.71,3.03,5.61,5.03,3.74,4.84,3.19,17,50.94,12,27
Sambou Soumano,20,4.29,1.98,4.05,2.06,0.63,9.13,4.52,1,20.0,7,108
Massadio Haïdara,29,4.29,5.87,9.44,8.41,2.22,3.41,4.52,1,29.0,7,108
Sekou Oumar Yansane,17,4.29,1.98,4.05,0.56,1.51,8.57,4.52,1,17.0,7,108
Ryad Boudebouz,91,4.29,5.87,6.98,3.65,7.46,5.56,4.52,1,91.0,7,108
Martin Adeline,34,4.29,1.98,9.44,5.79,8.89,9.13,4.52,1,34.0,7,108
Quentin Boisgard,14,4.29,5.87,4.05,4.92,6.51,2.38,4.52,1,14.0,7,108
Nicholas Gioacchini,30,4.29,5.87,7.86,7.7,9.05,8.1,4.52,1,30.0,7,108
Myron Boadu,37,4.29,1.98,0.63,2.06,6.67,1.27,4.52,1,37.0,7,108
Moses Daddy-Ajala Simon,90,4.29,5.87,9.44,9.21,9.84,5.87,4.52,1,90.0,7,108
Armand Lauriente,92,4.29,5.87,3.17,8.25,8.57,3.97,4.52,2,46.0,7,108
Florian Sotoca,119,4.29,5.87,5.08,4.13,6.03,7.46,4.52,2,59.5,7,108
Mitchell van Bergen,24,4.29,5.87,2.3,9.37,4.21,7.62,4.52,1,24.0,7,108
Mohamed Bayo,82,4.29,1.98,5.56,9.05,4.76,7.78,4.52,1,82.0,7,108
Jean-Philippe Krasso,6,4.29,5.87,0.63,10.0,1.51,10.0,4.52,1,6.0,7,108
Ilan Kebbal,74,4.29,5.87,8.1,7.22,4.21,3.17,4.52,1,74.0,7,108
Wahbi Khazri,93,4.29,5.87,8.25,7.7,10.0,6.51,4.52,1,93.0,7,108
Amadou Onana,10,4.29,1.98,0.63,0.56,1.11,0.56,4.52,1,10.0,7,108
Alexis Flips,19,4.29,1.98,0.63,8.89,2.7,3.41,4.52,1,19.0,7,108
Anastasios Donis,28,4.29,1.98,2.3,9.52,2.86,0.56,4.52,1,28.0,7,108
Amine Gouiri,96,4.29,5.87,7.14,4.6,5.24,6.35,4.52,1,96.0,7,108
Angel Gomes,21,4.29,5.87,9.44,7.22,4.92,4.92,4.52,1,21.0,7,108
Louis Didace Mafouta,17,4.29,1.98,4.05,0.56,1.98,4.13,4.52,1,17.0,7,108
Kalifa Coulibaly,57,4.29,5.87,4.76,2.06,4.6,8.41,9.84,1,57.0,7,108
Dimitri Payet,96,4.29,1.98,7.46,5.56,5.87,9.68,4.52,1,96.0,7,108
El Bilal Toure,80,4.29,7.78,6.03,3.33,3.33,3.02,9.84,1,80.0,7,108
Ludovic Ajorque,68,4.29,1.98,1.59,3.17,4.44,8.73,4.52,1,68.0,7,108
Martin Terrier,75,4.29,5.87,6.51,4.29,6.35,8.1,4.52,1,75.0,7,108
Burak Yılmaz,74,4.29,5.87,5.4,4.76,1.98,4.68,4.52,1,74.0,7,108
Oriol Busquets Mas,8,4.29,1.98,9.44,2.06,0.24,5.71,4.52,1,8.0,7,108
Didier Lamkel Zé,70,4.29,1.98,1.35,8.57,6.83,2.62,4.52,1,70.0,7,108
Ibrahima Koné,67,4.29,1.98,1.98,2.06,3.49,6.19,4.52,1,67.0,7,108
Hatem Ben Arfa,68,4.29,5.87,8.41,6.98,9.52,1.75,4.52,1,68.0,7,108
Nathanaël Mbuku,55,4.29,5.87,6.75,8.73,7.78,1.59,4.52,1,55.0,7,108
Cédric Bakambu,1,4.29,1.98,9.44,2.06,0.24,9.84,4.52,1,1.0,7,108
Kasper Dolberg,156,4.29,5.87,2.86,6.83,3.97,6.83,4.52,2,78.0,7,108
Samuel Sáiz Alonso,18,4.17,1.6,2.44,1.6,2.05,0.58,4.62,1,18.0,11,4
Giovani Lo Celso,66,4.17,7.56,7.95,2.69,6.03,6.67,4.62,1,66.0,11,4
Ángel Luis Rodríguez Díaz,158,4.17,7.82,2.69,6.79,7.95,2.31,4.62,2,79.0,11,4
Sergio León Limones,19,4.17,1.6,9.55,1.6,0.26,5.9,4.62,1,19.0,11,4
Óscar Melendo Jiménez,65,4.17,5.13,3.97,6.99,7.05,3.46,9.94,1,65.0,11,4
Seydou Doumbia,5,4.17,1.6,0.71,0.26,2.05,0.58,4.62,1,5.0,11,4
Óscar Plano Pedreño,91,4.17,5.13,8.97,6.09,9.62,1.67,4.62,1,91.0,11,4
Sergio Enrich Ametller,147,4.17,7.56,5.9,1.6,5.77,5.13,4.62,2,73.5,11,4
Sergio García De La Fuente,25,4.17,1.6,8.4,9.29,8.97,4.23,4.62,1,25.0,11,4
Sergio Gontán Gallardo,13,4.17,1.6,5.51,5.64,1.67,9.36,4.62,1,13.0,11,4
Wissam Ben Yedder,183,4.17,7.18,7.69,5.77,7.56,1.28,4.62,2,91.5,11,4
Rubén Pardo Gutiérrez,79,4.17,1.6,7.56,6.67,8.21,8.46,4.62,1,79.0,11,4
Enrique García Martínez,27,4.17,5.13,2.95,1.6,4.23,1.92,4.62,1,27.0,11,4
Diego Lainez Leyva,23,4.17,1.6,7.37,3.72,4.94,8.91,4.62,1,23.0,11,4
Michael Nicolás Santos Rosadilla,13,4.17,1.6,0.71,1.6,0.9,0.58,4.62,1,13.0,11,4
Denis Cheryshev,90,4.17,5.13,4.74,7.18,7.44,4.87,4.62,1,90.0,11,4
Marc Cardona Rovira,18,4.17,1.6,4.74,1.6,2.31,3.65,4.62,2,9.0,11,4
Ferrán Torres García,52,4.17,1.6,6.54,7.5,4.49,7.12,4.62,1,52.0,11,4
Aritz Aduriz Zubeldia,13,4.17,1.6,0.71,1.6,1.41,3.65,4.62,1,13.0,11,4
Rodrigo Moreno Machado,101,4.17,3.59,5.13,6.54,6.41,1.54,4.62,2,50.5,11,4
Philippe Coutinho Correia,2,4.17,1.6,9.55,1.6,0.38,10.0,4.62,1,2.0,11,4
Borja González Tomás,115,4.17,3.27,4.1,3.08,4.62,7.69,4.62,2,57.5,11,4
Munir El Haddadi Mohamed,90,4.17,3.27,1.67,0.51,3.46,1.15,4.62,4,22.5,11,4
Charles Días Barbosa de Oliveira,84,4.17,7.56,1.47,1.6,9.23,8.08,9.62,1,84.0,11,4
Hugo Duro Perales,5,4.17,1.6,0.71,0.26,0.51,0.58,4.62,1,5.0,11,4
Cristian Portugués Manzanera,159,4.17,5.13,7.37,8.33,5.9,5.0,4.62,2,79.5,11,4
Jorge Molina Vidal,124,4.17,5.13,5.64,2.56,4.36,3.08,4.62,2,62.0,11,4
Jorge Franco Alviz,20,4.17,1.6,8.85,1.6,3.59,2.44,4.62,1,20.0,11,4
Juan Miguel Jiménez López,82,4.17,6.73,4.74,4.74,2.82,7.31,4.62,1,82.0,11,4
Duje Čop,21,4.17,1.6,6.54,4.74,1.15,0.58,4.62,1,21.0,11,4
Emmanuel Okyere Boateng,61,4.17,5.13,3.46,5.32,2.69,6.54,4.62,1,61.0,11,4
Luis Ezequiel Ávila,18,4.17,5.13,2.44,8.08,9.1,4.55,4.62,1,18.0,11,4
Lei Wu,29,4.17,1.6,0.71,8.08,6.92,0.58,4.62,1,29.0,11,4
Enes Ünal,146,4.17,5.13,7.18,8.85,8.46,3.97,4.62,2,73.0,11,4
Lorenzo Jesús Morón García,71,4.17,7.05,8.4,6.35,9.87,2.88,4.62,1,71.0,11,4
André Miguel Valente Silva,77,4.17,5.13,7.82,9.62,5.26,5.9,9.94,1,77.0,11,4
Jon Bautista Orgilles,18,4.17,1.6,0.71,1.6,6.79,0.58,4.62,1,18.0,11,4
Jesé Rodríguez Ruiz,92,4.17,8.08,6.03,5.32,7.31,8.91,4.62,1,92.0,11,4
John Guidetti,12,4.17,1.6,0.71,1.6,1.67,4.55,4.62,1,12.0,11,4
Stiven Ricardo Plaza Castillo,17,4.17,1.6,3.46,1.6,1.67,5.9,4.62,1,17.0,11,4
Willian José da Silva,93,4.17,8.08,5.26,2.82,8.08,5.26,4.62,1,93.0,11,4
Abel Ruiz Ortega,25,4.17,5.13,6.54,6.99,1.15,4.23,4.62,1,25.0,11,4
Adam Hložek,148,4.14,4.47,1.45,0.79,3.55,4.61,4.21,11,13.45,9,281
Sebastian Polter,27,4.14,1.97,3.95,8.95,2.89,3.09,4.21,1,27.0,9,281
Sargis Adamyan,63,4.14,7.3,3.42,5.0,9.74,2.63,4.21,1,63.0,9,281
Sven Michel,34,4.14,1.97,3.68,9.34,8.03,9.41,4.21,2,17.0,9,281
Jan Thielmann,11,4.14,1.97,0.59,1.91,5.13,0.59,4.21,1,11.0,9,281
Jae-Sung Lee,94,4.14,5.66,8.55,5.26,8.82,6.71,4.21,1,94.0,9,281
Yorbe Vertessen,47,4.14,5.66,0.59,8.03,8.55,0.59,4.21,1,47.0,9,281
Gonçalo Mendes Paciencia,62,4.14,8.55,4.93,3.82,7.11,1.84,4.21,1,62.0,9,281
Phillip Tietz,151,4.14,4.14,6.84,5.53,9.08,8.29,4.21,2,75.5,9,281
Philipp Hofmann,59,4.14,5.66,2.24,0.26,3.29,8.03,4.21,1,59.0,9,281
Rafael Santos Borré Amaury,71,4.14,5.66,2.63,1.91,3.95,4.74,9.87,1,71.0,9,281
Jonas Hofmann,170,4.14,5.66,5.39,6.45,5.39,4.08,4.21,2,85.0,9,281
Dion Drena Beljo,15,4.14,1.97,3.03,0.66,0.79,0.59,4.21,2,7.5,9,281
Karim Onisiwo,163,4.14,6.97,7.11,3.55,6.18,2.89,9.28,2,81.5,9,281
Borja Iglesias Quintas,260,4.14,7.11,9.87,9.47,5.0,8.82,8.42,7,37.14,9,281
Benedict Hollerbach,17,4.14,1.97,3.03,6.97,2.37,0.59,4.21,1,17.0,9,281
Jessic Ngankam,10,4.14,1.97,0.59,0.26,2.5,0.59,4.21,1,10.0,9,281
Jonas Older Wind,123,4.14,7.5,3.55,4.21,4.61,2.24,4.21,2,61.5,9,281
Woo-Yeong Jeong,26,4.14,1.97,2.04,3.68,1.84,9.08,4.21,2,13.0,9,281
Robin Hack,61,4.14,5.66,7.3,5.79,7.37,4.87,4.21,1,61.0,9,281
Serhou Guirassy,191,4.14,6.71,5.79,4.47,5.26,5.79,4.21,2,95.5,9,281
Mikkel Kaufmann,49,4.14,1.97,7.76,1.91,4.47,5.07,4.21,1,49.0,9,281
David Datro Fofana,77,4.14,1.97,9.21,6.71,3.82,7.04,4.21,1,77.0,9,281
Christoph Klarer,12,4.14,1.97,0.59,1.91,2.11,8.62,4.21,1,12.0,9,281
Fares Chaïbi,82,4.14,5.66,7.63,6.18,5.92,2.43,4.21,1,82.0,9,281
Faride Alidou,142,4.14,4.14,7.89,8.42,7.5,5.39,4.21,2,71.0,9,281
Filip Stojilković,34,4.14,1.97,0.59,9.74,1.18,7.89,4.21,1,34.0,9,281
Ermedin Demirović,168,4.14,7.63,4.21,6.32,9.21,9.61,4.21,2,84.0,9,281
Davie Selke,90,4.14,5.66,6.18,1.91,3.68,4.34,4.21,1,90.0,9,281
Dawid Kownacki,20,4.14,1.97,1.71,1.91,2.76,6.45,4.21,1,20.0,9,281
Kevin Behrens,14,4.14,1.97,1.18,0.53,2.24,3.09,4.21,2,7.0,9,281
Lucas Höler,93,4.14,7.89,4.47,1.91,6.97,5.66,4.21,1,93.0,9,281
Lukas Daschner,32,4.14,1.97,7.3,8.03,2.63,1.38,4.21,1,32.0,9,281
Luca Pfeiffer,184,4.14,4.74,5.66,6.58,8.16,3.55,4.21,2,92.0,9,281
Moritz Broschinski,29,4.14,1.97,8.95,6.05,3.42,5.07,4.21,1,29.0,9,281
Nick Woltemade,89,4.14,4.14,5.53,3.03,8.29,5.26,4.21,2,44.5,9,281
Nadiem Amiri,4,4.14,1.97,3.03,8.95,0.66,7.24,4.21,1,4.0,9,281
Nathan Ngoumou Minpole,14,4.14,1.97,0.59,1.91,4.87,0.59,4.21,1,14.0,9,281
Omar Marmoush,94,4.14,5.66,8.03,8.03,9.61,8.95,4.21,1,94.0,9,281
Mërgim Berisha,6,4.14,1.97,0.59,9.61,0.26,9.41,4.21,1,6.0,9,281
Marvin Ducksch,181,4.14,1.97,4.34,5.13,4.34,5.53,4.21,2,90.5,9,281
Ihlas Bebou,22,4.14,1.97,8.36,1.91,7.24,4.34,4.21,1,22.0,9,281
Mathys Tel,23,4.14,7.89,9.34,7.63,0.13,9.87,4.21,1,23.0,9,281
Marvin Pieringer,12,4.14,1.97,6.05,0.26,1.97,0.59,4.21,1,12.0,9,281
Marius Bülter,16,4.14,1.97,0.59,1.91,0.53,0.59,4.21,1,16.0,9,281
Tomáš Čvančara,78,4.14,6.58,4.93,4.67,6.45,1.38,4.21,1,78.0,9,281
Florian Neuhaus,77,4.14,5.66,6.71,4.08,8.68,6.84,4.21,1,77.0,9,281
Ignacio Ferri Julià,15,4.14,7.89,2.63,1.91,9.47,10.0,4.21,1,15.0,9,281
Amin Sarr,74,4.14,1.97,4.93,8.55,3.03,1.18,4.21,2,37.0,9,281
Alassane Pléa,93,4.14,5.66,5.26,4.34,9.34,1.71,4.21,1,93.0,9,281
Shio Fukuda,15,4.14,1.97,3.95,1.91,3.16,2.76,4.21,1,15.0,9,281
Theoson Jordan Siebatcheu,75,4.14,1.97,1.71,1.91,5.53,7.04,4.21,1,75.0,9,281
Steffen Tigges,8,4.14,1.97,3.29,6.97,1.32,9.74,4.21,1,8.0,9,281
Tiago Barreiros de Melo Tomás,103,4.14,6.84,6.58,1.91,5.79,3.68,4.21,2,51.5,9,281
Tim Skarke,35,4.14,5.66,3.95,8.95,1.58,5.99,4.21,1,35.0,9,281
Lucas Pérez Martínez,138,4.11,1.52,6.96,4.68,5.7,4.05,4.37,2,69.0,11,42
Abdón Prats Bastidas,12,4.11,3.42,1.33,1.58,1.01,10.0,4.37,2,6.0,11,42
Miguel Ángel Guerrero Martín,70,4.11,8.29,3.67,1.58,3.8,1.27,4.37,1,70.0,11,42
Adrián López Álvarez,69,4.11,1.52,4.43,3.23,4.43,5.44,4.37,1,69.0,11,42
Víctor Machín Pérez,26,4.11,1.52,5.57,9.37,7.09,4.43,4.37,1,26.0,11,42
Aleix Febas Pérez,92,4.11,1.52,8.48,3.48,10.0,9.62,4.37,1,92.0,11,42
Takefusa Kubo,93,4.11,5.51,7.53,7.59,9.49,4.18,4.37,1,93.0,11,42
Waldo Rubio Martín,91,4.11,5.51,6.58,7.97,8.1,8.73,4.37,1,91.0,11,42
Takashi Inui,21,4.11,1.52,5.57,4.81,2.28,1.65,4.37,1,21.0,11,42
Daniel José Rodríguez Vázquez,92,4.11,5.51,9.11,3.67,9.87,6.08,4.37,1,92.0,11,42
Marcos Llorente Moreno,68,4.11,5.51,7.53,6.84,7.97,2.09,4.37,1,68.0,11,42
Brais Méndez Portela,25,4.11,1.52,5.57,5.95,1.77,7.22,4.37,1,25.0,11,42
Carlos Fernández Luna,127,4.11,3.42,1.77,8.61,5.95,7.09,4.37,2,63.5,11,42
Carles Pérez Sayol,5,4.11,1.52,0.51,1.58,0.76,0.51,4.37,1,5.0,11,42
Pere Pons Riera,45,4.11,1.52,8.23,1.58,4.05,6.96,4.37,1,45.0,11,42
Manuel Agudo Durán,34,4.11,5.51,7.53,4.43,2.03,1.65,4.37,1,34.0,11,42
Fernando Niño Rodriguez,21,4.11,1.52,3.67,1.58,0.38,9.11,4.37,1,21.0,11,42
Raúl de Tomás Gómez,91,4.11,5.51,7.09,3.92,3.67,4.43,4.37,1,91.0,11,42
José Luis Morales Nogales,139,4.11,3.42,4.94,8.99,9.62,2.28,4.37,2,69.5,11,42
Jaume Vicent Costa Jordá,13,4.11,1.52,0.51,8.73,6.71,0.51,4.37,1,13.0,11,42
Jonathan Calleri,93,4.11,8.29,4.24,6.27,6.33,8.61,4.37,1,93.0,11,42
Adrián Embarba Blázquez,73,4.11,5.51,1.96,7.22,3.04,6.46,4.37,1,73.0,11,42
Sergi Darder Moll,92,4.11,5.51,2.78,4.94,8.73,7.97,4.37,1,92.0,11,42
Guido Marcelo Carrillo,25,4.11,5.51,8.67,1.58,1.9,7.85,4.37,1,25.0,11,42
Sergio Guardiola Navarro,151,4.11,5.51,5.19,5.7,4.81,5.06,4.37,2,75.5,11,42
Javier Eraso Goñi,62,4.11,1.52,1.01,6.52,3.29,7.72,4.37,1,62.0,11,42
Pione Sisto Ifolo Emirmija,62,4.11,5.51,4.75,3.23,2.41,4.81,4.37,1,62.0,11,42
Nikola Vukčević,10,4.11,1.52,3.67,1.58,0.63,9.81,4.37,1,10.0,11,42
Moisés Gómez Bordonado,23,4.11,5.51,3.67,1.58,8.35,6.2,4.37,1,23.0,11,42
Sandro Ramírez Castillo,33,4.11,5.51,5.57,7.34,9.75,0.51,4.37,1,33.0,11,42
Enrique González Casín,23,4.11,1.52,2.41,1.58,2.53,3.04,4.37,1,23.0,11,42
Rubén Rochina Naixes,27,4.11,5.51,9.56,1.58,2.91,9.11,4.37,1,27.0,11,42
Ivan Rakitić,3,4.11,1.52,0.51,0.25,0.51,0.51,4.37,1,3.0,11,42
Karim Benzema,184,4.11,7.59,7.97,4.3,6.08,6.84,4.37,2,92.0,11,42
Javier Hernández Balcázar,25,4.11,5.51,3.67,1.58,0.19,1.9,4.37,1,25.0,11,42
João Félix Sequeira,88,4.11,7.47,6.46,4.56,1.39,1.01,4.37,2,44.0,11,42
Roger Claver Assalé Djapone,47,4.11,5.51,9.56,6.52,2.78,5.7,4.37,1,47.0,11,42
Asier Villalibre Molina,25,4.11,1.52,0.51,1.58,1.27,0.51,4.37,1,25.0,11,42
Pascal Cygan,1,3.88,1.76,0.35,8.82,0.29,9.24,4.65,1,1.0,2,44
Paul Gallagher,56,3.88,1.76,5.41,5.0,3.06,4.12,4.65,1,56.0,2,44
Peter Crouch,4,3.88,1.76,0.35,0.29,0.76,0.47,4.65,1,4.0,2,44
Kenny Miller,76,3.88,4.82,8.12,2.47,1.18,2.47,4.65,1,76.0,2,44
Bobby Zamora,11,3.88,1.76,0.35,0.29,0.59,0.47,4.65,1,11.0,2,44
Duncan Ferguson,92,3.88,1.76,7.41,3.41,4.12,4.24,4.65,1,92.0,2,44
Jérémie Aliadière,242,3.88,3.76,7.29,9.29,4.94,3.76,4.65,8,30.25,2,44
Eduardo César Daude Gaspar,7,3.88,1.76,1.18,0.29,0.29,5.94,4.65,1,7.0,2,44
Emile Heskey,81,3.88,1.76,6.18,6.94,5.06,10.0,4.65,2,40.5,2,44
Boudewijn Zenden,90,3.88,7.76,8.12,2.12,5.88,9.76,4.65,1,90.0,2,44
Andy Cole,124,3.88,6.41,2.82,5.41,5.18,7.76,4.65,2,62.0,2,44
Stern John,42,3.88,1.76,3.47,3.18,1.53,1.06,4.65,2,21.0,2,44
Alan Shearer,184,3.88,7.41,1.88,4.12,6.82,6.94,4.65,2,92.0,2,44
Simon Johnson,7,3.88,1.76,1.53,1.35,1.65,8.94,4.65,1,7.0,2,44
Fredrik Ljungberg,106,3.88,3.65,3.88,4.82,8.82,0.47,4.65,2,53.0,2,44
Marcus Bent,156,3.88,7.29,7.88,8.71,7.76,3.65,4.65,2,78.0,2,44
Trésor Lomana LuaLua,91,3.88,5.94,9.0,8.24,7.41,0.94,4.65,1,91.0,2,44
Steffen Iversen,15,3.88,1.76,4.29,1.35,1.18,2.29,4.65,1,15.0,2,44
Shaun Newton,12,3.88,1.76,9.18,5.82,0.29,9.88,4.65,1,12.0,2,44
Mark Viduka,83,3.88,4.82,7.53,1.35,6.94,7.18,4.65,1,83.0,2,44
Hélder Manuel Marques Postiga,84,3.88,4.82,5.41,6.71,9.53,1.71,4.65,1,84.0,2,44
Frédéric Oumar Kanouté,89,3.88,4.82,2.29,2.47,2.47,4.35,4.65,1,89.0,2,44
Michael Bridges,46,3.88,4.82,5.88,2.82,2.0,8.24,4.65,1,46.0,2,44
Marcus Allbäck,86,3.88,7.06,9.65,1.35,9.18,4.47,4.65,1,86.0,2,44
Mikael Forssell,86,3.88,4.82,3.18,3.65,3.88,4.94,4.65,1,86.0,2,44
Brett Ormerod,92,3.88,4.82,1.53,5.0,2.71,2.59,4.65,1,92.0,2,44
Carl Cort,75,3.88,4.82,0.94,2.47,8.47,5.29,4.65,1,75.0,2,44
Trevor Benjamin,5,3.88,1.76,0.35,0.29,0.29,0.47,4.65,1,5.0,2,44
Trevor Sinclair,92,3.88,1.76,3.47,3.18,8.71,2.0,4.65,1,92.0,2,44
Matt Jansen,72,3.88,4.82,5.41,3.53,3.76,8.65,4.65,1,72.0,2,44
Milan Baroš,26,3.88,1.76,1.53,3.82,9.65,7.35,4.65,1,26.0,2,44
Louis Saha,75,3.88,4.82,0.82,4.53,2.35,3.06,4.65,1,75.0,2,44
Leslie Ferdinand,75,3.88,4.82,6.0,2.71,5.76,3.18,4.65,1,75.0,2,44
Kevin Cyril Davies,183,3.88,6.82,4.94,6.59,6.71,8.82,4.65,2,91.5,2,44
Malcolm Christie,91,3.88,1.76,1.06,3.82,4.71,3.53,4.65,1,91.0,2,44
Carlton Cole Okirie,91,3.88,1.76,5.65,7.53,6.35,5.65,4.65,1,91.0,2,44
Craig Bellamy,172,3.88,6.59,3.29,5.18,4.0,1.18,4.65,2,86.0,2,44
Danny Tiatto,23,3.88,1.76,1.53,7.94,8.24,4.71,4.65,1,23.0,2,44
Clinton Morrison,75,3.88,1.76,0.71,8.94,5.29,1.29,4.65,2,37.5,2,44
Kolo Habib Touré,15,3.88,4.82,6.88,5.82,1.18,2.12,4.65,1,15.0,2,44
Kevin Phillips,176,3.88,4.82,8.35,5.29,9.76,4.82,4.65,2,88.0,2,44
Antoine Sibierski,66,3.88,6.71,2.59,3.18,8.35,5.47,4.65,1,66.0,2,44
Nick Chadwick,92,3.88,4.82,4.0,1.35,3.18,3.41,4.65,1,92.0,2,44
Jamal Julian Campbell-Ryce,15,3.88,1.76,0.35,9.18,2.59,0.47,4.65,1,15.0,2,44
Ruud van Nistelrooy,182,3.88,6.24,8.47,8.12,4.47,1.88,9.88,2,91.0,2,44
Joseph-Desiré Job,62,3.88,1.76,2.94,9.06,3.41,5.76,4.65,1,62.0,2,44
Jonatan Lillebror Johansson,75,3.88,7.06,2.59,9.41,7.53,6.82,4.65,1,75.0,2,44
Jason Roberts,20,3.88,8.59,2.59,1.35,2.0,9.65,4.65,1,20.0,2,44
Jason Joseph Euell,46,3.88,7.06,9.41,1.35,5.41,6.12,4.65,1,46.0,2,44
Jerrel Hasselbaink,33,3.88,1.76,4.82,0.71,3.53,8.47,4.65,2,16.5,2,44
Jesper Grønkjær,24,3.88,1.76,8.59,8.41,0.94,5.47,4.65,1,24.0,2,44
Juan Pablo Ángel Arango,181,3.88,6.12,2.12,2.94,2.94,6.35,9.76,2,90.5,2,44
Szilárd Németh,84,3.88,5.94,6.18,6.35,9.88,6.47,4.65,1,84.0,2,44
Stewart Downing,3,3.88,1.76,6.88,7.94,0.76,0.47,4.65,1,3.0,2,44
Adrian Mutu,138,3.88,3.53,6.47,7.41,6.0,6.59,4.65,2,69.0,2,44
James Philip Milner,45,3.88,1.76,2.29,8.41,7.18,6.24,4.65,1,45.0,2,44
James Beattie,92,3.88,1.76,3.65,7.18,4.59,4.59,4.65,1,92.0,2,44
Gaël Clichy,27,3.88,1.76,8.12,7.29,1.76,5.94,4.65,2,13.5,2,44
Gilberto Aparecido da Silva,15,3.88,4.82,2.0,0.59,8.12,7.35,4.65,1,15.0,2,44
Dwight Yorke,110,3.88,6.41,6.59,2.0,4.24,8.35,4.65,2,55.0,2,44
James Scowcroft,91,3.88,4.82,5.06,4.35,4.82,9.53,4.65,1,91.0,2,44
Ivica Mornar,9,3.88,1.76,6.88,1.35,1.41,0.47,4.65,1,9.0,2,44
Ray Parlour,38,3.88,1.76,4.71,2.24,2.82,2.82,4.65,2,19.0,2,44
Luís Boa Morte Pereira,86,3.88,4.82,4.29,6.24,6.12,3.29,4.65,1,86.0,2,44
Barry Hayles,17,3.88,1.76,4.29,5.82,2.0,3.88,4.65,1,17.0,2,44
Óliver Torres Muñoz,31,3.64,1.62,9.42,3.25,2.34,10.0,4.35,1,31.0,11,90
Sergio Gómez Martín,32,3.64,1.62,7.27,4.81,4.03,8.83,4.35,1,32.0,11,90
Anthony Rubén Lozano Colón,36,3.64,1.62,0.91,7.6,2.47,7.4,4.35,1,36.0,11,90
Kenan Kodro,84,3.64,5.06,1.95,2.99,7.92,8.31,4.35,1,84.0,11,90
Borja Sainz Eguskiza,9,3.64,1.62,3.57,0.26,1.43,8.05,4.35,1,9.0,11,90
José Luis Sanmartín Mato,115,3.64,3.51,4.16,7.14,8.44,7.66,9.55,2,57.5,11,90
Jon Morcillo Conesa,13,3.64,1.62,5.45,6.23,6.36,4.74,4.35,1,13.0,11,90
Jonathan Rodríguez Menéndez,31,3.64,1.62,5.0,6.49,1.82,4.42,4.35,1,31.0,11,90
Enrique Barja Afonso,79,3.64,5.06,2.08,7.92,7.14,5.58,4.35,2,39.5,11,90
Enric Gallego Puigsech,19,3.64,1.62,1.49,1.69,1.1,9.55,4.35,1,19.0,11,90
Víctor Mollejo Carpintero,2,3.64,1.62,0.45,10.0,0.78,0.45,4.35,1,2.0,11,90
Shon Zalman Weissman,88,3.64,1.62,9.42,1.69,4.42,4.16,4.35,1,88.0,11,90
Thomas Lemar,10,3.64,1.62,9.42,1.69,0.26,3.96,4.35,1,10.0,11,90
Vicente Iborra De La Fuente,46,3.64,5.06,7.79,4.42,7.01,3.38,4.35,1,46.0,11,90
Ángel Martín Correa,83,3.64,5.06,8.83,7.14,6.49,3.64,4.35,1,83.0,11,90
Shinji Okazaki,14,3.64,5.06,3.57,1.69,2.08,3.96,9.94,1,14.0,11,90
Mariano Díaz Mejía,22,3.64,1.62,3.57,8.9,2.99,9.87,4.35,1,22.0,11,90
Francis Joseph Coquelin,33,3.64,1.62,1.49,4.22,9.61,9.22,4.35,1,33.0,11,90
Francisco Alcácer García,104,3.64,1.62,1.04,0.65,4.29,0.45,4.35,2,52.0,11,90
Miguel Baeza Pérez,9,3.64,1.62,0.45,1.69,1.95,0.45,4.35,1,9.0,11,90
Francisco António Machado Mota de Castro Trincão,31,3.64,5.06,2.73,8.44,0.52,0.45,4.35,1,31.0,11,90
Laureano Antonio Villa Suárez,48,3.64,1.62,9.09,5.58,5.06,2.86,4.35,1,48.0,11,90
Manuel Javier Vallejo Galván,6,3.64,1.62,0.45,1.69,1.3,0.45,4.35,1,6.0,11,90
Marcos André de Sousa Mendonça,61,3.64,5.06,1.17,3.7,3.38,2.08,4.35,2,30.5,11,90
Raúl García Escudero,171,3.64,6.95,4.68,5.97,3.77,3.25,4.35,2,85.5,11,90
Emre Mor,59,3.64,1.62,3.57,8.05,4.55,1.23,4.35,1,59.0,11,90
Roger Martí Salvador,140,3.64,3.51,4.81,8.7,6.1,8.44,9.55,2,70.0,11,90
Juan Camilo Hernández Suárez,88,3.64,5.06,8.96,8.57,10.0,1.62,4.35,1,88.0,11,90
Roberto Soldado Rillo,103,3.64,3.51,6.1,4.55,3.64,5.71,4.35,2,51.5,11,90
Rubén Sobrino Pozuelo,93,3.64,5.06,7.01,8.31,3.25,5.91,4.35,1,93.0,11,90
Rubén García Santos,73,3.64,5.06,5.19,4.68,2.6,3.51,4.35,1,73.0,11,90
Gerard Moreno Balaguero,176,3.64,5.06,7.4,1.69,9.87,3.77,9.16,2,88.0,11,90
Gonçalo Manuel Ganchinho Guedes,174,3.64,5.06,7.53,8.18,7.4,1.82,4.35,2,87.0,11,90
Luis Javier Suárez Charris,45,3.64,5.06,3.57,9.61,8.96,9.22,4.35,1,45.0,11,90
Nemanja Maksimović,92,3.64,7.79,6.56,1.69,8.83,4.74,4.35,1,92.0,11,90
Lucas Ariel Boyé,71,3.64,5.06,2.34,5.0,9.48,2.6,4.35,1,71.0,11,90
Daniel Escriche Romero,59,3.64,1.62,1.49,7.14,7.53,6.69,4.35,1,59.0,11,90
Daniel Gómez Alcón,122,3.64,6.49,6.36,6.75,9.35,7.14,4.35,2,61.0,11,90
Deyverson Brum Silva Acosta,66,3.64,1.62,2.6,5.0,4.81,6.49,4.35,2,33.0,11,90
Ismaël Gharbi,2,3.59,3.67,0.39,0.16,0.31,0.62,4.53,1,2.0,7,235
Islam Slimani,94,3.59,3.67,2.73,3.2,2.97,4.22,4.53,1,94.0,7,235
Habibou Mouhamadou Diallo,86,3.59,3.67,2.5,7.19,6.72,5.78,4.53,1,86.0,7,235
Jérémy Le Douaron,24,3.59,1.09,3.59,1.48,2.5,5.94,4.53,1,24.0,7,235
Kamaldeen Sulemana,8,3.59,1.09,0.94,1.48,0.94,0.62,4.53,1,8.0,7,235
Bevic Moussiti-Oko,56,3.59,7.73,0.78,7.42,9.84,5.47,4.53,1,56.0,7,235
Azzedine Ounahi,10,3.59,1.09,9.22,6.8,4.53,2.66,4.53,1,10.0,7,235
Badredine Bouanani,7,3.59,1.09,4.38,3.2,0.16,0.62,4.53,1,7.0,7,235
Jean-Mattéo Bahoya Négoce,86,3.59,6.72,9.22,7.81,8.75,2.34,4.53,1,86.0,7,235
Romain Hamouma,35,3.59,1.09,8.75,8.44,3.59,7.97,4.53,1,35.0,7,235
Sérigné Faye,30,3.59,1.09,1.72,1.48,4.22,4.22,4.53,1,30.0,7,235
Steve Michel Mounié,66,3.59,7.73,2.03,3.75,5.31,9.69,4.53,1,66.0,7,235
Ado Onaiwu,76,3.59,2.42,4.61,6.41,2.81,2.5,4.53,2,38.0,7,235
Adrien Hunou,147,3.59,5.23,5.0,4.38,5.62,4.69,4.53,2,73.5,7,235
Moussa Soumano,24,3.59,3.67,0.39,9.38,2.19,0.62,4.53,1,24.0,7,235
Pablo Sarabia García,18,3.59,2.42,5.55,3.52,0.78,8.28,4.53,2,9.0,7,235
Nuno Miguel da Costa Jóia,114,3.59,6.33,3.12,3.52,3.91,1.25,4.53,2,57.0,7,235
Moussa Dembélé,119,3.59,5.55,4.84,4.06,5.94,4.53,4.53,2,59.5,7,235
Komnen Andrić,92,3.59,2.42,3.59,1.48,2.03,1.56,9.53,2,46.0,7,235
Cengiz Ünder,103,3.59,5.55,8.44,2.5,7.5,6.25,4.53,2,51.5,7,235
Mohamed Youcef Belaïli,82,3.59,3.67,8.12,8.05,9.69,1.72,4.53,1,82.0,7,235
Maghnes Akliouche,38,3.59,1.09,9.22,8.98,2.66,3.12,4.53,1,38.0,7,235
Evann Guessand,13,3.59,1.09,5.55,1.48,1.41,0.62,4.53,1,13.0,7,235
Mostafa Mohamed Ahmed Abdallah,103,3.59,2.42,6.09,2.66,5.78,6.09,4.53,2,51.5,7,235
Mounaim El Idrissy,135,3.59,5.94,2.97,8.75,9.06,7.81,4.53,2,67.5,7,235
Marcus Coco,12,3.59,3.67,1.56,5.55,1.56,3.52,4.53,1,12.0,7,235
Ibrahima Niane,68,3.59,3.67,4.61,8.05,3.44,2.81,4.53,1,68.0,7,235
Abdallah Dipo Sima,98,3.59,6.33,4.06,7.66,4.69,3.91,4.53,2,49.0,7,235
Thijs Dallinga,105,3.59,5.0,2.73,0.47,7.97,5.16,4.53,2,52.5,7,235
Alexis Alejandro Sánchez Sánchez,157,3.59,4.77,5.94,2.81,8.59,5.0,9.53,2,78.5,7,235
Amine Salama,31,3.59,1.09,9.22,1.48,1.17,8.75,4.53,1,31.0,7,235
Vítor Manuel Carvalho Oliveira,12,3.59,3.67,0.39,1.48,0.62,0.62,4.53,1,12.0,7,235
Valère Germain,68,3.59,1.09,1.41,0.31,3.12,3.52,4.53,2,34.0,7,235
Stephy Alvaro Mavididi,92,3.59,6.72,7.19,5.16,10.0,3.28,4.53,1,92.0,7,235
Alexandre Lacazette,160,3.59,3.67,7.5,5.78,5.47,6.41,4.53,2,80.0,7,235
Vladyslav Vanat,21,3.49,1.13,0.7,2.26,2.1,0.27,4.3,1,21.0,55,282
Andraž Šporar,343,3.49,7.74,5.05,9.03,9.14,4.41,4.3,4,85.75,55,282
Mirlind Daku,13,3.49,3.98,9.52,6.45,1.18,8.49,4.3,1,13.0,55,282
Mohamed Zeki Amdouni,21,3.49,1.13,4.41,6.45,8.49,2.74,4.3,1,21.0,55,282
Marcus Thuram,165,3.49,5.05,6.56,5.91,3.33,3.44,4.3,3,55.0,55,282
Tomáš Chorý,43,3.49,6.56,0.7,0.81,4.19,2.26,4.3,2,21.5,55,282
Budu Zivzivadze,15,3.49,6.56,5.48,2.26,0.97,6.77,4.3,2,7.5,55,282
Che Adams,209,3.49,5.91,4.09,7.31,8.92,5.7,4.3,3,69.67,55,282
Denis Alibec,35,3.49,2.37,0.7,2.26,1.08,1.24,4.3,2,17.5,55,282
Marcel Sabitzer,91,3.49,3.98,6.34,5.16,9.78,6.94,4.3,1,91.0,55,282
Mateo Retegui,162,3.49,2.63,2.26,1.13,3.66,2.15,4.3,4,40.5,55,282
Martin Ádám,41,3.49,1.13,1.61,0.65,1.61,0.59,4.3,2,20.5,55,282
David Brekalo,0,3.49,1.13,0.7,0.22,0.27,0.27,4.3,1,0.0,55,282
David Strelec,179,3.49,5.7,1.83,3.98,2.47,3.23,4.3,4,44.75,55,282
Giorgi Kvilitaia,6,3.49,1.13,4.41,2.26,0.27,4.78,4.3,1,6.0,55,282
Benjamin Šeško,356,3.49,5.81,5.7,9.68,7.31,8.06,9.46,4,89.0,55,282
Rafael Alexandre Conceição Leão,60,3.49,3.98,2.53,7.74,1.72,0.86,4.3,1,60.0,55,282
Rasmus Winther Højlund,284,3.49,5.16,8.06,8.49,8.6,3.12,4.3,4,71.0,55,282
Donyell Malen,45,3.49,3.98,7.69,2.26,7.96,1.24,4.3,1,45.0,55,282
Dušan Vlahović,116,3.49,3.98,1.94,5.7,5.05,6.13,4.3,2,58.0,55,282
Dániel Gazdag,4,3.49,1.13,4.41,2.26,1.4,10.0,4.3,1,4.0,55,282
Kacper Urbanski,148,3.49,6.56,6.77,5.05,5.38,3.01,4.3,2,74.0,55,282
Karol Świderski,99,3.49,2.63,2.8,6.67,5.27,2.37,4.3,3,33.0,55,282
Barış Alper Yılmaz,374,3.49,2.9,9.14,9.78,9.03,3.87,4.3,4,93.5,55,282
Artem Dovbyk,247,3.49,5.59,7.96,7.85,4.73,5.48,4.3,3,82.33,55,282
Armando Broja,107,3.49,5.27,5.48,6.13,3.01,3.76,4.3,2,53.5,55,282
Muhammed Kerem Aktürkoğlu,13,3.49,1.13,0.7,7.1,8.17,4.78,4.3,1,13.0,55,282
Mojmír Chytil,113,3.49,2.63,3.71,6.45,2.26,3.33,4.3,3,37.67,55,282
Diogo José Teixeira da Silva,30,3.49,1.13,2.04,7.63,3.98,8.71,4.3,1,30.0,55,282
Žan Celar,50,3.49,6.56,1.61,0.81,8.06,0.59,4.3,2,25.0,55,282
Róbert Boženík,208,3.49,4.95,4.95,7.2,7.2,2.47,4.3,4,52.0,55,282
Gianluca Scamacca,248,3.49,7.31,7.2,8.17,3.55,5.81,4.3,4,62.0,55,282
Giacomo Raspadori,72,3.49,3.98,8.17,4.25,6.67,9.14,4.3,1,72.0,55,282
George Alexandru Puşcaş,44,3.49,1.13,1.4,6.13,4.09,8.82,4.3,2,22.0,55,282
John McGinn,89,3.49,1.13,3.17,6.77,4.62,7.31,4.3,1,89.0,55,282
Josip Iličić,18,3.49,1.13,8.6,2.26,8.28,1.83,4.3,1,18.0,55,282
Rey Manaj,159,3.49,2.63,2.69,2.26,6.99,4.09,9.3,3,53.0,55,282
Roland Sallai,96,3.49,3.98,7.04,6.99,9.46,6.02,4.3,1,96.0,55,282
Yussuf Yurary Poulsen,57,3.49,1.13,3.71,5.81,3.12,9.35,4.3,3,19.0,55,282
Ryan Christie,84,3.49,1.13,3.44,2.26,4.52,7.42,4.3,2,42.0,55,282
Ruben Vargas,74,3.49,3.98,6.13,6.88,5.7,4.19,4.3,1,74.0,55,282
Romelu Lukaku Menama,352,3.49,6.13,6.67,9.14,9.35,9.25,4.3,4,88.0,55,282
Yusuf Yazıcı,62,3.49,3.98,4.84,2.26,6.45,4.78,9.73,2,31.0,55,282
Zuriko Davitashvili,8,3.49,3.98,0.7,2.26,2.1,7.74,4.3,1,8.0,55,282
Žan Vipotnik,19,3.49,1.13,0.7,0.22,2.37,7.74,4.3,1,19.0,55,282
Jan Kuchta,59,3.49,1.13,9.52,7.53,7.53,1.83,4.3,1,59.0,55,282
Lewis Morgan,7,3.49,3.98,0.7,2.26,0.75,9.68,4.3,1,7.0,55,282
Lazar Samardžić,11,3.49,3.98,4.41,5.48,0.27,3.6,4.3,1,11.0,55,282
Lawrence Shankland,39,3.49,1.13,4.73,4.84,5.16,5.91,4.3,3,13.0,55,282
Kevin De Bruyne,92,3.49,3.98,8.39,4.52,5.48,6.94,4.3,1,92.0,55,282
Dan Ndoye,85,3.49,3.98,9.03,5.48,2.8,3.98,4.3,1,85.0,55,282
Hirving Rodrigo Lozano Bahena,72,3.31,5.0,1.28,7.29,7.52,1.8,4.1,1,72.0,43,106
Callum Wilson,56,3.31,1.35,8.46,1.58,5.26,1.58,4.1,2,28.0,43,106
Mathew Leckie,71,3.31,1.35,5.19,5.19,3.23,7.29,4.1,1,71.0,43,106
Darwin Gabriel Núñez Ribeiro,244,3.31,5.86,6.47,9.1,8.5,8.65,4.1,3,81.33,43,106
Charles De Ketelaere,13,3.31,1.35,3.61,6.54,0.83,2.41,4.1,1,13.0,43,106
Akram Hassan Afif,278,3.31,6.58,10.0,9.25,9.85,6.84,4.1,3,92.67,43,106
Ui-Jo Hwang,99,3.31,2.78,1.95,0.6,2.86,1.13,4.1,3,33.0,43,106
Timothy Weah,161,3.31,3.61,9.17,4.59,9.32,3.98,9.62,2,80.5,43,106
Haris Seferović,75,3.31,2.78,2.48,6.02,0.9,3.53,4.1,3,25.0,43,106
Hattan Babhir,0,3.31,1.35,0.53,0.26,0.11,0.41,4.1,1,0.0,43,106
Boulaye Dia,226,3.31,6.32,8.72,8.05,7.14,2.86,4.1,3,75.33,43,106
Ajdin Hrustic,30,3.31,1.35,5.9,4.29,3.38,8.35,4.1,1,30.0,43,106
Ahmed Alaa Eldin Abdelmotaal,8,3.31,1.35,0.53,0.26,0.71,9.29,4.1,1,8.0,43,106
Vincent Janssen,90,3.31,3.61,5.56,2.52,6.24,1.73,4.1,2,45.0,43,106
Walid Cheddira,63,3.31,5.71,5.56,6.69,3.91,5.79,4.1,2,31.5,43,106
Abderrazak Hamdallah,73,3.31,3.61,3.05,1.65,6.77,8.42,4.1,4,18.25,43,106
Sardar Azmoun,128,3.31,4.21,6.54,7.22,2.71,6.77,8.38,3,42.67,43,106
Jason Cummings,40,3.31,1.35,5.9,0.53,6.47,0.41,4.1,1,40.0,43,106
Giovanni Reyna,58,3.31,3.61,1.35,4.47,4.66,0.9,4.1,2,29.0,43,106
Haitham Mohammed Asiri,14,3.31,1.35,3.61,2.52,1.35,7.59,4.1,1,14.0,43,106
Abdulrahman Al-Obood,32,3.31,1.35,9.25,2.52,8.72,9.55,4.1,1,32.0,43,106
Steven Bergwijn,269,3.31,6.09,9.4,8.42,5.41,7.67,4.1,4,67.25,43,106
Antoine Semenyo,25,3.31,5.0,0.53,2.52,4.51,1.43,4.1,1,25.0,43,106
Garang Kuol,24,3.31,5.0,0.53,0.26,1.65,0.41,4.1,1,24.0,43,106
Anthony Daniel Contreras Enríquez,122,3.31,1.35,2.18,5.45,2.63,9.92,4.1,2,61.0,43,106
Iñaki Williams Arthuer,267,3.31,4.59,8.57,9.4,9.62,5.19,4.1,3,89.0,43,106
Jackson Irvine,95,3.31,1.35,7.48,2.52,6.99,5.86,4.1,1,95.0,43,106
Joshua Sargent,155,3.31,4.51,2.33,3.83,3.01,2.93,4.1,3,51.67,43,106
José Adoni Cifuentes Charcopa,16,3.31,1.35,0.53,2.52,1.88,1.88,4.1,1,16.0,43,106
Riley McGree,134,3.31,5.71,4.51,4.96,4.89,3.61,4.1,2,67.0,43,106
Jonathan David,195,3.31,4.44,8.2,5.64,8.8,6.39,4.1,3,65.0,43,106
Andrej Kramarić,207,3.31,3.08,5.41,6.77,5.11,2.78,4.1,3,69.0,43,106
Youssoufa Moukoko,0,3.31,1.35,0.53,0.26,0.11,0.41,4.1,1,0.0,43,106
Rogelio Gabriel Funes Mori,10,3.31,5.0,0.53,0.26,0.98,0.41,4.1,1,10.0,43,106
Xherdan Shaqiri,93,3.31,5.0,7.67,3.38,7.67,1.65,4.1,1,93.0,43,106
Issam Jebali,190,3.31,3.01,3.83,5.94,6.39,2.63,4.1,3,63.33,43,106
Mohammed Kanoo,96,3.31,6.2,6.62,3.91,10.0,9.29,4.1,1,96.0,43,106
Karim Ansarifard,46,3.31,3.61,4.81,0.94,0.53,9.29,4.1,2,23.0,43,106
Ardon Jashari,5,3.31,1.35,2.56,2.52,0.38,6.2,4.1,1,5.0,43,106
Daichi Kamada,93,3.31,5.0,5.11,4.81,5.49,6.2,4.1,1,93.0,43,106
Lucas Daniel Cavallini,22,3.31,1.35,0.53,2.52,1.58,0.41,4.1,1,22.0,43,106
Cyle Larin,135,3.31,2.93,7.48,5.86,3.53,5.64,8.27,3,45.0,43,106
Noah Okafor,2,3.31,1.35,0.53,7.97,3.46,0.41,4.1,1,2.0,43,106
Michael Steveen Estrada Martínez,225,3.31,4.29,6.17,7.14,6.69,8.27,4.1,3,75.0,43,106
Daniel James,46,3.31,1.35,3.61,2.52,8.65,2.03,4.1,1,46.0,43,106
Ernesto Alexis Vega Rojas,63,3.31,6.2,1.58,6.92,2.11,0.41,4.1,1,63.0,43,106
Firas Tariq Nasser Al Albirakan,277,3.31,6.58,8.8,9.77,9.1,8.95,4.1,3,92.33,43,106
Heung-Min Son,92,3.31,5.0,3.46,4.66,7.97,6.32,4.1,1,92.0,43,106
Almoez Ali Zainalabiddin Abdulla,227,3.31,4.36,7.22,7.44,5.79,3.76,4.1,3,75.67,43,106
Thomas Müller,134,3.31,4.14,3.05,2.52,3.76,1.5,4.1,2,67.0,43,106
Taha Yassine Khenissi,34,3.31,3.61,0.53,1.2,7.44,0.41,4.1,2,17.0,43,106
Gabriel Fernando de Jesus,102,3.31,2.78,9.32,3.68,5.34,3.68,4.1,3,34.0,43,106
Piotr Zieliński,93,3.31,1.35,4.81,6.32,1.73,4.96,4.1,1,93.0,43,106
Johan Alberto Venegas Ulloa,73,3.31,1.35,6.92,5.75,5.04,2.18,4.1,1,73.0,43,106
Jesus Ferreira,45,3.31,1.35,9.62,2.52,4.59,0.98,4.1,1,45.0,43,106
Edinson Roberto Cavani Gómez,134,3.31,5.98,3.98,5.11,2.78,1.95,4.1,3,44.67,43,106
Jamie MacLaren,65,3.31,1.35,2.07,1.2,1.28,3.08,4.1,3,21.67,43,106
Xavi Simons,12,3.31,1.35,5.9,7.89,1.43,2.41,4.1,1,12.0,43,106
Andreas Skov Olsen,64,3.31,1.35,6.32,4.29,1.8,4.21,4.1,1,64.0,43,106
Andreas Evald Cornelius,97,3.31,5.45,4.59,3.53,6.02,9.47,8.57,3,32.33,43,106
Zakaria Aboukhlal,44,3.31,5.0,4.81,2.52,4.81,8.5,4.1,2,22.0,43,106
Ayase Ueda,45,3.31,1.35,4.81,5.75,8.05,8.57,4.1,1,45.0,43,106
Dušan Tadić,185,3.31,1.35,5.04,6.09,8.35,3.16,4.1,2,92.5,43,106
Joel Nathaniel Campbell Samuels,285,3.31,3.61,8.12,8.57,8.57,6.69,4.1,3,95.0,43,106
Jewison Bennette,30,3.31,1.35,0.53,7.67,6.54,3.87,4.1,1,30.0,43,106
Raúl Alonso Jiménez Rodríguez,68,3.31,1.35,4.1,4.29,0.23,7.82,4.1,3,22.67,43,106
Djorkaeff Neicer Reasco González,27,3.31,1.35,5.9,2.52,0.71,0.41,4.1,1,27.0,43,106
Arkadiusz Milik,78,3.31,3.61,2.07,6.47,2.41,2.56,4.1,2,39.0,43,106
Kieffer Roberto Francisco Moore,245,3.31,6.39,5.34,7.59,6.84,4.44,4.1,3,81.67,43,106
Leandro Trossard,57,3.31,1.35,6.77,3.61,5.19,9.1,4.1,1,57.0,43,106
Kevin José Rodríguez Cortez,9,3.31,3.61,0.53,0.26,1.2,1.28,4.1,2,4.5,43,106
Mohammed Kudus,97,3.31,5.71,9.62,5.26,8.42,5.56,4.1,1,97.0,43,106
Andrea Bertolacci,6,2.35,0.87,2.06,1.32,0.97,9.87,3.19,1,6.0,12,27
Simone Verdi,19,2.35,0.87,0.45,4.48,0.71,2.87,3.19,1,19.0,12,27
Stefano Mauri,78,2.35,1.94,1.16,0.84,1.48,1.32,3.19,4,19.5,12,27
Tim Matavž,464,2.35,3.48,2.9,7.23,6.13,7.48,3.19,6,77.33,12,27
Alessandro Diamanti,9,2.35,0.87,9.65,1.32,8.39,1.23,3.19,1,9.0,12,27
Alessandro Piu,195,2.35,1.74,0.9,2.77,1.61,1.61,3.19,8,24.38,12,27
Valter Birsa,72,2.35,0.87,5.81,1.74,6.77,6.58,3.19,1,72.0,12,27
Fernando Llorente Torres,15,2.35,0.87,4.19,1.32,0.13,0.42,3.19,1,15.0,12,27
Federico Bonazzoli,59,2.35,0.87,4.19,1.32,1.55,2.58,3.19,2,29.5,12,27
Marco Tumminello,2,2.35,0.87,0.45,0.32,0.84,0.42,3.19,1,2.0,12,27
Daniele Verde,13,2.35,2.48,0.45,4.48,4.19,8.06,3.19,1,13.0,12,27
Darko Lazović,65,2.35,0.87,4.77,2.45,2.13,2.45,3.19,2,32.5,12,27
Christian Maggio,5,2.35,0.87,0.45,1.32,4.39,0.42,3.19,1,5.0,12,27
Bruno Miguel Borges Fernandes,55,2.35,4.81,2.06,2.0,6.06,6.39,3.19,1,55.0,12,27
Carlos Joaquín Correa,53,2.35,1.94,3.23,3.29,8.97,8.19,3.19,2,26.5,12,27
Maximiliano Nicol Moralez,185,2.35,2.94,8.13,2.97,3.03,3.35,3.19,2,92.5,12,27
Matuzalém Francelino da Silva,9,2.35,0.87,4.19,1.32,0.13,0.42,3.19,1,9.0,12,27
Mato Jajalo,0,2.35,0.87,0.45,0.32,0.26,0.42,3.19,1,0.0,12,27
Massimiliano Carlini,30,2.35,1.94,9.65,5.16,2.39,4.13,3.19,2,15.0,12,27
Boško Janković,89,2.35,2.48,1.74,3.48,5.03,2.16,3.19,1,89.0,12,27
Simone Pepe,80,2.35,7.03,3.42,2.71,1.42,8.13,3.19,1,80.0,12,27
Francesco Acerbi,93,2.35,0.87,8.65,2.65,9.48,4.26,3.19,1,93.0,12,27
Franco Brienza,121,2.35,2.13,5.35,1.81,8.65,8.39,3.19,2,60.5,12,27
Alejandro Miguel Rodriguez,41,2.35,0.87,0.45,0.65,0.58,0.97,3.19,5,8.2,12,27
Simone Edera,4,2.35,0.87,0.45,1.32,0.52,0.42,3.19,1,4.0,12,27
Amauri Carvalho de Oliveira,12,2.35,0.87,2.06,0.32,0.65,2.16,3.19,1,12.0,12,27
Alejandro Darío Gómez,357,2.35,3.1,6.97,9.74,9.74,7.1,3.19,4,89.25,12,27
Aleksandar Tonev,112,2.35,2.74,1.48,4.0,4.32,3.29,9.84,3,37.33,12,27
Kingsley Coman,63,2.35,2.74,3.52,2.84,7.29,1.94,3.19,1,63.0,12,27
Luca Siligardi,80,2.35,1.94,1.55,3.35,9.42,0.84,3.19,2,40.0,12,27
Nicola Sansone,180,2.35,5.42,5.48,2.32,9.61,1.87,3.19,2,90.0,12,27
Norbert Sándor Balogh,35,2.35,3.42,1.42,2.39,2.84,9.68,3.19,2,17.5,12,27
Lucas Nahuel Castro,184,2.35,4.97,7.35,3.42,8.19,4.0,3.19,2,92.0,12,27
Cristian Raimondi,29,2.35,0.87,2.06,1.32,1.29,2.16,3.19,1,29.0,12,27
Levan Mchedlidze,325,2.35,3.16,2.39,4.84,1.74,6.77,7.55,13,25.0,12,27
Antonino La Gumina,66,2.35,2.19,1.23,0.77,1.87,0.9,3.19,3,22.0,12,27
Paweł Wszołek,36,2.35,0.87,1.0,4.06,2.52,1.32,3.19,1,36.0,12,27
Diego Ángel Capel Trinidad,215,2.35,3.55,2.32,3.1,2.06,1.1,3.19,7,30.71,12,27
Jules Olivier Ntcham,275,2.35,3.61,9.87,8.71,6.58,6.32,3.19,3,91.67,12,27
Raphael Martinho Alves de Lima,13,2.35,0.87,0.45,0.32,1.16,0.42,3.19,1,13.0,12,27
Rade Krunić,27,2.35,0.87,1.0,3.94,1.03,2.87,3.19,2,13.5,12,27
Borja Valero Iglesias,90,2.35,3.77,8.32,2.06,3.29,1.74,3.19,1,90.0,12,27
Emanuele Giaccherini,183,2.35,4.45,6.19,2.9,2.71,4.32,3.19,2,91.5,12,27
Emanuele Suagher,1,2.35,0.87,4.19,0.32,0.32,0.42,3.19,1,1.0,12,27
Kamil Wilczek,119,2.35,2.74,3.52,1.9,2.45,2.52,3.19,3,39.67,12,27
Antonio Di Gaudio,211,2.35,3.94,2.65,4.65,4.97,2.39,3.19,4,52.75,12,27
Keita Baldé Diao,548,2.35,2.26,9.29,9.81,4.65,9.03,3.19,10,54.8,12,27
Domenico Berardi,84,2.35,2.48,6.45,2.58,8.84,3.61,3.19,1,84.0,12,27
Nicolás Ignacio Castillo Mora,291,2.35,4.32,3.61,5.87,9.55,1.48,3.19,4,72.75,12,27
Panagiotis Tachtsidis,54,2.35,5.29,2.97,2.23,5.42,9.81,3.19,2,27.0,12,27
Paul-José M''Poku Ebunge,273,2.35,2.32,5.94,9.55,8.71,9.55,3.19,8,34.12,12,27
Juan Ignacio Gómez Taleb,1091,2.35,4.19,6.9,5.74,7.48,8.26,3.19,18,60.61,12,27
Juan Guillermo Cuadrado Bello,12,2.35,0.87,9.65,1.32,1.23,4.52,3.19,1,12.0,12,27
Rodrigo Sebastián Aguirre Soto,332,2.35,3.77,3.16,10.0,7.1,2.71,3.19,9,36.89,12,27
Roberto Maximiliano Pereyra,91,2.35,4.81,6.52,3.16,10.0,1.03,3.19,1,91.0,12,27
Andrés Fabián Ponce Núñez,4,2.35,0.87,0.45,0.32,4.26,0.42,3.19,1,4.0,12,27
Andrea Poli,8,2.35,0.87,4.19,0.32,0.42,0.42,3.19,1,8.0,12,27
Ryder Matos Santos,641,2.35,3.29,3.94,9.48,7.03,3.87,3.19,11,58.27,12,27
Ricardo Gabriel Álvarez,33,2.35,2.48,2.84,3.74,1.94,1.68,3.19,1,33.0,12,27
Robert Acquafresca,191,2.35,3.68,1.87,0.9,2.97,5.68,3.19,4,47.75,12,27
Riccardo Saponara,185,2.35,2.94,6.58,3.03,8.0,5.55,3.19,2,92.5,12,27
Gaetano Monachello,340,2.35,4.13,6.39,8.13,5.48,7.03,3.19,8,42.5,12,27
Ante Rebić,142,2.35,2.74,2.45,3.61,4.06,1.42,3.19,3,47.33,12,27
Samuele Longo,318,2.35,3.35,1.81,4.13,2.32,8.71,7.39,14,22.71,12,27
Guglielmo Stendardo,24,2.35,0.87,9.65,1.32,1.35,2.87,3.19,1,24.0,12,27
Giuseppe Rossi,238,2.35,4.52,3.1,4.58,2.19,6.13,3.19,6,39.67,12,27
Goran Pandev,829,2.35,3.23,7.03,6.39,5.94,5.35,8.55,14,59.21,12,27
Giuseppe Panico,1,2.35,0.87,0.45,1.32,0.42,0.42,3.19,1,1.0,12,27
Sergej Milinković-Savić,94,2.35,4.81,1.35,3.23,3.87,4.65,3.19,1,94.0,12,27
Sebastian De Maio,93,2.35,1.94,1.61,6.0,6.97,9.94,8.97,2,46.5,12,27
Segundo Víctor Ibarbo Guerrero,0,2.35,0.87,0.45,0.32,0.13,10.0,3.19,1,0.0,12,27
