player,season_id,minutes_played,cluster,Cluster Label
Teddy Sheringham,44,91,0,Poacher
Daniel Olmo Carvajal,281,93,0,Poacher
Georges Mikautadze,282,350,3,Advanced Forward
Gonzalo Gerardo Higuaín,27,2999,0,Poacher
Ludovic Blas,235,93,0,Poacher
Omar El Kaddouri,27,4,0,Poacher
Mohamed Salah,27,790,3,Advanced Forward
Lionel Andrés Messi Cuccittini,90,2311,3,Advanced Forward
Enner Remberto Valencia Lastra,106,258,0,Poacher
Krzysztof Piątek,282,59,0,Poacher
Mama Samba Baldé,235,89,0,Poacher
Ike Ugbo,108,75,0,Poacher
Jesús Joaquín Fernández Sáez de la Torre,27,459,0,Poacher
Jaime Mata Arnaiz,4,91,0,Poacher
André Ayew Pelé,106,76,0,Poacher
Ante Budimir,42,165,0,Poacher
Ikoma Loïs Openda,281,165,0,Poacher
Eiður Smári Guðjohnsen,44,59,0,Poacher
Tomasz Radziński,44,92,0,Poacher
Grejohn Kyei,235,83,0,Poacher
Luka Jović,282,62,0,Poacher
Jakub Błaszczykowski,27,34,0,Poacher
Stephan El Shaarawy,27,152,0,Poacher
Anthony Mounier,27,93,0,Poacher
Randal Kolo Muani,108,184,0,Poacher
Álvaro Giménez Candela,90,61,0,Poacher
Cody Mathès Gakpo,106,456,0,Poacher
Cristhian Ricardo Stuani Curbelo,4,184,0,Poacher
Victor Okoh Boniface,281,1499,0,Poacher
Adam Buksa,282,153,0,Poacher
Mauro Emanuel Icardi Rivero,27,2612,0,Poacher
Richarlison de Andrade,106,325,3,Advanced Forward
Thierry Henry,44,3368,0,Poacher
Kevin Volland,235,24,0,Poacher
José Manuel Arnáiz Díaz,42,70,0,Poacher
Fyodor Smolov,42,60,0,Poacher
Dries Mertens,27,198,0,Poacher
Mehdi Taremi,106,299,3,Advanced Forward
Niclas Füllkrug,281,189,0,Poacher
Khvicha Kvaratskhelia,282,265,3,Advanced Forward
Carlos Arturo Bacca Ahumada,27,3174,0,Poacher
Julián Álvarez,106,428,2,Complete Forward
Kylian Mbappé Lottin,235,2221,3,Advanced Forward
Cenk Tosun,282,28,0,Poacher
Ioan Viorel Ganea,44,91,0,Poacher
Harry Kewell,44,91,0,Poacher
Leonardo Pavoletti,27,1933,0,Poacher
Eder Citadin Martins,27,1666,3,Advanced Forward
Terem Igobor Moffi,108,167,0,Poacher
Osman Bukari,106,19,0,Poacher
Andy Delort,108,117,0,Poacher
Arnaldo Antonio Sanabria Ayala,90,70,0,Poacher
Santiago Mina Lorenzo,90,120,0,Poacher
Deniz Undav,281,156,0,Poacher
Florian Wirtz,281,270,3,Advanced Forward
Gervais Lombe Yao Kouassi,27,539,3,Advanced Forward
Joaquín Sánchez Rodríguez,4,58,0,Poacher
Sergio Canales Madrazo,4,33,0,Poacher
Hernán Jorge Crespo,44,90,0,Poacher
Mario Mandžukić,27,2057,0,Poacher
Bradley Barcola,235,71,0,Poacher
Breel-Donald Embolo,106,328,3,Advanced Forward
Paulo Bruno Exequiel Dybala,27,2408,3,Advanced Forward
Oscar Vilhelmsson,281,124,0,Poacher
Robbie Keane,44,189,0,Poacher
Gaëtan Laborde,108,175,0,Poacher
Harry Kane,282,601,0,Poacher
Roberto Soriano,27,185,0,Poacher
Olivier Giroud,106,472,1,Target Man
Adem Ljajić,27,310,3,Advanced Forward
Patrik Schick,281,1053,0,Poacher
Arda Güler,282,251,3,Advanced Forward
Luca Paganini,27,99,0,Poacher
Paul Dickov,44,111,0,Poacher
Paolo Di Canio,44,138,0,Poacher
Aleksandar Mitrović,106,266,0,Poacher
Diego da Silva Costa,4,106,0,Poacher
Duván Esteban Zapata Banguera,27,1548,0,Poacher
Ousmane Dembélé,90,429,3,Advanced Forward
Folarin Balogun,235,95,0,Poacher
Branco van den Boomen,235,92,1,Target Man
Borja Mayoral Moya,42,126,0,Poacher
Alphonso Davies,106,277,0,Poacher
Umar Sadiq Mesbah,27,195,0,Poacher
Marko Arnautović,282,283,3,Advanced Forward
Denis Mihai Drăguş,282,292,3,Advanced Forward
Michael Owen,44,159,0,Poacher
Alberto Paloschi,27,1692,0,Poacher
Tim Kleindienst,281,173,0,Poacher
Maximilian Beier,281,157,0,Poacher
Gue-Sung Cho,106,291,2,Complete Forward
Alberto Gilardino,27,2371,0,Poacher
Luuk de Jong,90,145,0,Poacher
Iago Aspas Juncal,42,185,0,Poacher
Barnabás Varga,282,255,0,Poacher
Luis Alberto Suárez Díaz,4,2669,3,Advanced Forward
Neymar da Silva Santos Junior,235,369,3,Advanced Forward
Robert Pirès,44,180,3,Advanced Forward
Miroslav Klose,27,1328,0,Poacher
Gareth Frank Bale,106,188,0,Poacher
Marco Borriello,27,1605,3,Advanced Forward
Jean-Eric Maxim Choupo-Moting,106,264,2,Complete Forward
Kai Havertz,282,397,2,Complete Forward
Alexander Isak,42,146,0,Poacher
Nicolas Anelka,44,177,0,Poacher
Kevin Gameiro,4,105,0,Poacher
Federico Dionisi,27,2117,3,Advanced Forward
Karl Brillant Toko Ekambi,235,92,3,Advanced Forward
Wout Weghorst,281,172,0,Poacher
Daizen Maeda,106,180,0,Poacher
Mauro Matías Zárate,27,287,0,Poacher
Alan Smith,44,180,0,Poacher
Massimo Maccarone,27,2762,0,Poacher
Amine Adli,281,211,0,Poacher
Ivan Toney,282,46,0,Poacher
Ollie Watkins,282,62,0,Poacher
Andrea Belotti,27,2638,0,Poacher
Maximiliano Gómez González,90,178,0,Poacher
Anssumane Fati,90,123,0,Poacher
Álvaro Negredo Sánchez,90,89,0,Poacher
Yakubu Aiyegbeni,44,150,0,Poacher
Antoine Griezmann,42,1262,3,Advanced Forward
Robert Lewandowski,106,380,2,Complete Forward
Radja Nainggolan,27,216,1,Target Man
Alessio Cerci,27,501,3,Advanced Forward
Jonathan Bamba,235,84,0,Poacher
Sylvain Wiltord,44,478,3,Advanced Forward
Youssef En-Nesyri,106,537,0,Poacher
M''Baye Babacar Niang,27,984,3,Advanced Forward
Takuma Asano,106,181,0,Poacher
Cyril Théréau,27,2725,1,Target Man
José Antonio Reyes Calderón,44,661,3,Advanced Forward
Saleh Khalid Al Shehri,106,222,0,Poacher
José María Callejón Bueno,27,280,3,Advanced Forward
Dennis Bergkamp,44,1665,3,Advanced Forward
Kevin Lasagna,27,1113,0,Poacher
Michy Batshuayi Tunga,106,151,0,Poacher
Vincent Paté Aboubakar,106,111,0,Poacher
Memphis Depay,282,463,3,Advanced Forward
Simone Zaza,27,685,0,Poacher
Nwankwo Christian Kanu,44,402,2,Complete Forward
Gonçalo Matias Ramos,106,163,0,Poacher
Cristiano Ronaldo dos Santos Aveiro,282,490,2,Complete Forward
Mattia Destro,27,2181,0,Poacher
Kevin-Prince Boateng,27,73,0,Poacher
Ignatius Kpene Ganago,235,101,2,Complete Forward
Roman Yaremchuk,282,125,0,Poacher
Sergio Floccari,27,1408,0,Poacher
Daniel Ciofani,27,2938,0,Poacher
Pedro Guilherme Abreu dos Santos,106,71,0,Poacher
Famara Diedhiou,106,90,0,Poacher
Henry Josué Martín Mex,106,146,0,Poacher
Arnaud Kalimuendo Muinga,235,150,0,Poacher
Ciro Immobile,27,1009,2,Complete Forward
Mauricio Ricardo Pinilla Ferreira,27,1364,0,Poacher
Rafael Mir Vicente,90,181,3,Advanced Forward
Mohammed Muntari,106,68,0,Poacher
Robin Quaison,27,412,3,Advanced Forward
Alessandro Matri,27,815,1,Target Man
Martin Braithwaite Christensen,90,759,2,Complete Forward
Franco Damián Vázquez,27,1546,3,Advanced Forward
Mitchell Thomas Duke,106,270,2,Complete Forward
Kwadwo Duah,282,109,0,Poacher
Hugo Ekitike,235,631,2,Complete Forward
Luis Fernando Muriel Fruto,27,1541,2,Complete Forward
Cheikh Ahmadou Bamba Mbacke Dieng,106,114,0,Poacher
Michael Gregoritsch,282,135,1,Target Man
Nikola Kalinić,27,2577,0,Poacher
Bruno Petković,106,244,2,Complete Forward
Germán Gustavo Denis,27,999,0,Poacher
Mikel Oyarzabal Ugarte,282,146,0,Poacher
Marco Asensio Willemsen,106,229,3,Advanced Forward
Manolo Gabbiadini,27,503,0,Poacher
Edin Džeko,27,2017,1,Target Man
Juan Manuel Iturbe Arévalo,27,55,0,Poacher
Haji Wright,106,154,0,Poacher
Luiz Adriano de Souza da Silva,27,1125,0,Poacher
Luca Toni,27,1809,0,Poacher
Lautaro Javier Martínez,106,270,2,Complete Forward
Fabio Quagliarella,27,2604,3,Advanced Forward
Sergio Pellissier,27,951,0,Poacher
Riccardo Meggiorini,27,1530,2,Complete Forward
Gregoire Defrel,27,1891,3,Advanced Forward
Álvaro Borja Morata Martín,27,1375,0,Poacher
Ivan Perišić,27,138,0,Poacher
Stevan Jovetić,27,1330,1,Target Man
Khouma El Hadji Babacar,27,778,0,Poacher
Manuel Pucciarelli,27,3089,3,Advanced Forward
Uroš Đurđević,27,468,2,Complete Forward
Maximiliano Gastón López,27,1127,0,Poacher
Marcello Trotta,27,204,1,Target Man
Giampaolo Pazzini,27,1919,0,Poacher
Roberto Inglese,27,1409,0,Poacher
Stipe Perica,27,471,3,Advanced Forward
Josef Alexander Martínez Mencia,27,906,0,Poacher
Matteo Mancosu,27,915,2,Complete Forward
Francesco Totti,27,372,3,Advanced Forward
Aleksandar Trajkovski,27,690,2,Complete Forward
Jérémy Ménez,27,205,0,Poacher
Serge Gakpé,27,637,3,Advanced Forward
Filip Đorđević,27,1325,0,Poacher
Antonio Di Natale,27,1161,0,Poacher
Diego Perotti,27,847,3,Advanced Forward
Antonio Cassano,27,992,1,Target Man
Diego Falcinelli,27,1137,2,Complete Forward
Marko Livaja,27,628,2,Complete Forward
Mario Barwuah Balotelli,27,886,3,Advanced Forward
Jerry Uche Mbakogu,27,1718,3,Advanced Forward
Antonio Floro Flores,27,762,1,Target Man
Rodrigo Sebastián Palacio,27,866,3,Advanced Forward
Sambou Soumano,108,20,1,Target Man
Massadio Haïdara,108,29,3,Advanced Forward
Sekou Oumar Yansane,108,17,1,Target Man
Ryad Boudebouz,108,91,3,Advanced Forward
Martin Adeline,108,34,1,Target Man
Quentin Boisgard,108,14,3,Advanced Forward
Nicholas Gioacchini,108,30,3,Advanced Forward
Myron Boadu,108,37,0,Poacher
Moses Daddy-Ajala Simon,108,90,3,Advanced Forward
Armand Lauriente,108,92,2,Complete Forward
Florian Sotoca,108,119,1,Target Man
Mitchell van Bergen,108,24,2,Complete Forward
Mohamed Bayo,108,82,2,Complete Forward
Jean-Philippe Krasso,108,6,2,Complete Forward
Ilan Kebbal,108,74,3,Advanced Forward
Wahbi Khazri,108,93,3,Advanced Forward
Amadou Onana,108,10,0,Poacher
Alexis Flips,108,19,2,Complete Forward
Anastasios Donis,108,28,2,Complete Forward
Amine Gouiri,108,96,3,Advanced Forward
Angel Gomes,108,21,3,Advanced Forward
Louis Didace Mafouta,108,17,1,Target Man
Kalifa Coulibaly,108,57,1,Target Man
Dimitri Payet,108,96,1,Target Man
El Bilal Toure,108,80,0,Poacher
Ludovic Ajorque,108,68,1,Target Man
Martin Terrier,108,75,1,Target Man
Burak Yılmaz,108,74,0,Poacher
Oriol Busquets Mas,108,8,1,Target Man
Didier Lamkel Zé,108,70,2,Complete Forward
Ibrahima Koné,108,67,1,Target Man
Hatem Ben Arfa,108,68,3,Advanced Forward
Nathanaël Mbuku,108,55,3,Advanced Forward
Cédric Bakambu,108,1,1,Target Man
Kasper Dolberg,108,156,2,Complete Forward
Samuel Sáiz Alonso,4,18,0,Poacher
Giovani Lo Celso,4,66,3,Advanced Forward
Ángel Luis Rodríguez Díaz,4,158,0,Poacher
Sergio León Limones,4,19,1,Target Man
Óscar Melendo Jiménez,4,65,2,Complete Forward
Seydou Doumbia,4,5,0,Poacher
Óscar Plano Pedreño,4,91,3,Advanced Forward
Sergio Enrich Ametller,4,147,0,Poacher
Sergio García De La Fuente,4,25,3,Advanced Forward
Sergio Gontán Gallardo,4,13,1,Target Man
Wissam Ben Yedder,4,183,3,Advanced Forward
Rubén Pardo Gutiérrez,4,79,1,Target Man
Enrique García Martínez,4,27,0,Poacher
Diego Lainez Leyva,4,23,1,Target Man
Michael Nicolás Santos Rosadilla,4,13,0,Poacher
Denis Cheryshev,4,90,2,Complete Forward
Marc Cardona Rovira,4,18,1,Target Man
Ferrán Torres García,4,52,2,Complete Forward
Aritz Aduriz Zubeldia,4,13,0,Poacher
Rodrigo Moreno Machado,4,101,3,Advanced Forward
Philippe Coutinho Correia,4,2,1,Target Man
Borja González Tomás,4,115,1,Target Man
Munir El Haddadi Mohamed,4,90,0,Poacher
Charles Días Barbosa de Oliveira,4,84,0,Poacher
Hugo Duro Perales,4,5,0,Poacher
Cristian Portugués Manzanera,4,159,3,Advanced Forward
Jorge Molina Vidal,4,124,0,Poacher
Jorge Franco Alviz,4,20,3,Advanced Forward
Juan Miguel Jiménez López,4,82,1,Target Man
Duje Čop,4,21,3,Advanced Forward
Emmanuel Okyere Boateng,4,61,1,Target Man
Luis Ezequiel Ávila,4,18,2,Complete Forward
Lei Wu,4,29,2,Complete Forward
Enes Ünal,4,146,3,Advanced Forward
Lorenzo Jesús Morón García,4,71,3,Advanced Forward
André Miguel Valente Silva,4,77,2,Complete Forward
Jon Bautista Orgilles,4,18,0,Poacher
Jesé Rodríguez Ruiz,4,92,1,Target Man
John Guidetti,4,12,1,Target Man
Stiven Ricardo Plaza Castillo,4,17,1,Target Man
Willian José da Silva,4,93,0,Poacher
Abel Ruiz Ortega,4,25,2,Complete Forward
Adam Hložek,281,148,0,Poacher
Sebastian Polter,281,27,2,Complete Forward
Sargis Adamyan,281,63,3,Advanced Forward
Sven Michel,281,34,2,Complete Forward
Jan Thielmann,281,11,0,Poacher
Jae-Sung Lee,281,94,3,Advanced Forward
Yorbe Vertessen,281,47,2,Complete Forward
Gonçalo Mendes Paciencia,281,62,0,Poacher
Phillip Tietz,281,151,1,Target Man
Philipp Hofmann,281,59,1,Target Man
Rafael Santos Borré Amaury,281,71,0,Poacher
Jonas Hofmann,281,170,3,Advanced Forward
Dion Drena Beljo,281,15,0,Poacher
Karim Onisiwo,281,163,0,Poacher
Borja Iglesias Quintas,281,260,2,Complete Forward
Benedict Hollerbach,281,17,2,Complete Forward
Jessic Ngankam,281,10,0,Poacher
Jonas Older Wind,281,123,0,Poacher
Woo-Yeong Jeong,281,26,1,Target Man
Robin Hack,281,61,3,Advanced Forward
Serhou Guirassy,281,191,3,Advanced Forward
Mikkel Kaufmann,281,49,3,Advanced Forward
David Datro Fofana,281,77,1,Target Man
Christoph Klarer,281,12,1,Target Man
Fares Chaïbi,281,82,3,Advanced Forward
Faride Alidou,281,142,3,Advanced Forward
Filip Stojilković,281,34,2,Complete Forward
Ermedin Demirović,281,168,1,Target Man
Davie Selke,281,90,0,Poacher
Dawid Kownacki,281,20,1,Target Man
Kevin Behrens,281,14,0,Poacher
Lucas Höler,281,93,0,Poacher
Lukas Daschner,281,32,3,Advanced Forward
Luca Pfeiffer,281,184,3,Advanced Forward
Moritz Broschinski,281,29,3,Advanced Forward
Nick Woltemade,281,89,3,Advanced Forward
Nadiem Amiri,281,4,2,Complete Forward
Nathan Ngoumou Minpole,281,14,0,Poacher
Omar Marmoush,281,94,3,Advanced Forward
Mërgim Berisha,281,6,2,Complete Forward
Marvin Ducksch,281,181,2,Complete Forward
Ihlas Bebou,281,22,3,Advanced Forward
Mathys Tel,281,23,1,Target Man
Marvin Pieringer,281,12,3,Advanced Forward
Marius Bülter,281,16,0,Poacher
Tomáš Čvančara,281,78,3,Advanced Forward
Florian Neuhaus,281,77,3,Advanced Forward
Ignacio Ferri Julià,281,15,1,Target Man
Amin Sarr,281,74,2,Complete Forward
Alassane Pléa,281,93,3,Advanced Forward
Shio Fukuda,281,15,0,Poacher
Theoson Jordan Siebatcheu,281,75,1,Target Man
Steffen Tigges,281,8,1,Target Man
Tiago Barreiros de Melo Tomás,281,103,3,Advanced Forward
Tim Skarke,281,35,2,Complete Forward
Lucas Pérez Martínez,42,138,3,Advanced Forward
Abdón Prats Bastidas,42,12,1,Target Man
Miguel Ángel Guerrero Martín,42,70,0,Poacher
Adrián López Álvarez,42,69,1,Target Man
Víctor Machín Pérez,42,26,2,Complete Forward
Aleix Febas Pérez,42,92,1,Target Man
Takefusa Kubo,42,93,3,Advanced Forward
Waldo Rubio Martín,42,91,2,Complete Forward
Takashi Inui,42,21,3,Advanced Forward
Daniel José Rodríguez Vázquez,42,92,3,Advanced Forward
Marcos Llorente Moreno,42,68,3,Advanced Forward
Brais Méndez Portela,42,25,1,Target Man
Carlos Fernández Luna,42,127,2,Complete Forward
Carles Pérez Sayol,42,5,0,Poacher
Pere Pons Riera,42,45,1,Target Man
Manuel Agudo Durán,42,34,3,Advanced Forward
Fernando Niño Rodriguez,42,21,1,Target Man
Raúl de Tomás Gómez,42,91,3,Advanced Forward
José Luis Morales Nogales,42,139,3,Advanced Forward
Jaume Vicent Costa Jordá,42,13,2,Complete Forward
Jonathan Calleri,42,93,1,Target Man
Adrián Embarba Blázquez,42,73,2,Complete Forward
Sergi Darder Moll,42,92,1,Target Man
Guido Marcelo Carrillo,42,25,1,Target Man
Sergio Guardiola Navarro,42,151,3,Advanced Forward
Javier Eraso Goñi,42,62,2,Complete Forward
Pione Sisto Ifolo Emirmija,42,62,0,Poacher
Nikola Vukčević,42,10,1,Target Man
Moisés Gómez Bordonado,42,23,1,Target Man
Sandro Ramírez Castillo,42,33,3,Advanced Forward
Enrique González Casín,42,23,0,Poacher
Rubén Rochina Naixes,42,27,1,Target Man
Ivan Rakitić,42,3,0,Poacher
Karim Benzema,42,184,3,Advanced Forward
Javier Hernández Balcázar,42,25,0,Poacher
João Félix Sequeira,42,88,0,Poacher
Roger Claver Assalé Djapone,42,47,3,Advanced Forward
Asier Villalibre Molina,42,25,0,Poacher
Pascal Cygan,44,1,2,Complete Forward
Paul Gallagher,44,56,2,Complete Forward
Peter Crouch,44,4,0,Poacher
Kenny Miller,44,76,3,Advanced Forward
Bobby Zamora,44,11,0,Poacher
Duncan Ferguson,44,92,3,Advanced Forward
Jérémie Aliadière,44,242,2,Complete Forward
Eduardo César Daude Gaspar,44,7,1,Target Man
Emile Heskey,44,81,1,Target Man
Boudewijn Zenden,44,90,1,Target Man
Andy Cole,44,124,1,Target Man
Stern John,44,42,0,Poacher
Alan Shearer,44,184,0,Poacher
Simon Johnson,44,7,1,Target Man
Fredrik Ljungberg,44,106,3,Advanced Forward
Marcus Bent,44,156,3,Advanced Forward
Trésor Lomana LuaLua,44,91,3,Advanced Forward
Steffen Iversen,44,15,0,Poacher
Shaun Newton,44,12,1,Target Man
Mark Viduka,44,83,1,Target Man
Hélder Manuel Marques Postiga,44,84,3,Advanced Forward
Frédéric Oumar Kanouté,44,89,0,Poacher
Michael Bridges,44,46,1,Target Man
Marcus Allbäck,44,86,3,Advanced Forward
Mikael Forssell,44,86,0,Poacher
Brett Ormerod,44,92,0,Poacher
Carl Cort,44,75,0,Poacher
Trevor Benjamin,44,5,0,Poacher
Trevor Sinclair,44,92,3,Advanced Forward
Matt Jansen,44,72,1,Target Man
Milan Baroš,44,26,1,Target Man
Louis Saha,44,75,0,Poacher
Leslie Ferdinand,44,75,3,Advanced Forward
Kevin Cyril Davies,44,183,1,Target Man
Malcolm Christie,44,91,2,Complete Forward
Carlton Cole Okirie,44,91,2,Complete Forward
Craig Bellamy,44,172,0,Poacher
Danny Tiatto,44,23,2,Complete Forward
Clinton Morrison,44,75,2,Complete Forward
Kolo Habib Touré,44,15,3,Advanced Forward
Kevin Phillips,44,176,3,Advanced Forward
Antoine Sibierski,44,66,0,Poacher
Nick Chadwick,44,92,0,Poacher
Jamal Julian Campbell-Ryce,44,15,2,Complete Forward
Ruud van Nistelrooy,44,182,3,Advanced Forward
Joseph-Desiré Job,44,62,2,Complete Forward
Jonatan Lillebror Johansson,44,75,2,Complete Forward
Jason Roberts,44,20,1,Target Man
Jason Joseph Euell,44,46,3,Advanced Forward
Jerrel Hasselbaink,44,33,1,Target Man
Jesper Grønkjær,44,24,2,Complete Forward
Juan Pablo Ángel Arango,44,181,0,Poacher
Szilárd Németh,44,84,3,Advanced Forward
Stewart Downing,44,3,2,Complete Forward
Adrian Mutu,44,138,2,Complete Forward
James Philip Milner,44,45,2,Complete Forward
James Beattie,44,92,2,Complete Forward
Gaël Clichy,44,27,2,Complete Forward
Gilberto Aparecido da Silva,44,15,1,Target Man
Dwight Yorke,44,110,1,Target Man
James Scowcroft,44,91,1,Target Man
Ivica Mornar,44,9,3,Advanced Forward
Ray Parlour,44,38,3,Advanced Forward
Luís Boa Morte Pereira,44,86,3,Advanced Forward
Barry Hayles,44,17,2,Complete Forward
Óliver Torres Muñoz,90,31,1,Target Man
Sergio Gómez Martín,90,32,1,Target Man
Anthony Rubén Lozano Colón,90,36,2,Complete Forward
Kenan Kodro,90,84,1,Target Man
Borja Sainz Eguskiza,90,9,1,Target Man
José Luis Sanmartín Mato,90,115,2,Complete Forward
Jon Morcillo Conesa,90,13,3,Advanced Forward
Jonathan Rodríguez Menéndez,90,31,2,Complete Forward
Enrique Barja Afonso,90,79,2,Complete Forward
Enric Gallego Puigsech,90,19,1,Target Man
Víctor Mollejo Carpintero,90,2,2,Complete Forward
Shon Zalman Weissman,90,88,3,Advanced Forward
Thomas Lemar,90,10,1,Target Man
Vicente Iborra De La Fuente,90,46,3,Advanced Forward
Ángel Martín Correa,90,83,3,Advanced Forward
Shinji Okazaki,90,14,0,Poacher
Mariano Díaz Mejía,90,22,2,Complete Forward
Francis Joseph Coquelin,90,33,1,Target Man
Francisco Alcácer García,90,104,0,Poacher
Miguel Baeza Pérez,90,9,0,Poacher
Francisco António Machado Mota de Castro Trincão,90,31,2,Complete Forward
Laureano Antonio Villa Suárez,90,48,3,Advanced Forward
Manuel Javier Vallejo Galván,90,6,0,Poacher
Marcos André de Sousa Mendonça,90,61,0,Poacher
Raúl García Escudero,90,171,0,Poacher
Emre Mor,90,59,2,Complete Forward
Roger Martí Salvador,90,140,2,Complete Forward
Juan Camilo Hernández Suárez,90,88,3,Advanced Forward
Roberto Soldado Rillo,90,103,1,Target Man
Rubén Sobrino Pozuelo,90,93,2,Complete Forward
Rubén García Santos,90,73,3,Advanced Forward
Gerard Moreno Balaguero,90,176,3,Advanced Forward
Gonçalo Manuel Ganchinho Guedes,90,174,3,Advanced Forward
Luis Javier Suárez Charris,90,45,2,Complete Forward
Nemanja Maksimović,90,92,3,Advanced Forward
Lucas Ariel Boyé,90,71,3,Advanced Forward
Daniel Escriche Romero,90,59,2,Complete Forward
Daniel Gómez Alcón,90,122,3,Advanced Forward
Deyverson Brum Silva Acosta,90,66,2,Complete Forward
Ismaël Gharbi,235,2,0,Poacher
Islam Slimani,235,94,0,Poacher
Habibou Mouhamadou Diallo,235,86,2,Complete Forward
Jérémy Le Douaron,235,24,1,Target Man
Kamaldeen Sulemana,235,8,0,Poacher
Bevic Moussiti-Oko,235,56,2,Complete Forward
Azzedine Ounahi,235,10,3,Advanced Forward
Badredine Bouanani,235,7,0,Poacher
Jean-Mattéo Bahoya Négoce,235,86,3,Advanced Forward
Romain Hamouma,235,35,2,Complete Forward
Sérigné Faye,235,30,1,Target Man
Steve Michel Mounié,235,66,1,Target Man
Ado Onaiwu,235,76,2,Complete Forward
Adrien Hunou,235,147,3,Advanced Forward
Moussa Soumano,235,24,2,Complete Forward
Pablo Sarabia García,235,18,1,Target Man
Nuno Miguel da Costa Jóia,235,114,0,Poacher
Moussa Dembélé,235,119,3,Advanced Forward
Komnen Andrić,235,92,0,Poacher
Cengiz Ünder,235,103,3,Advanced Forward
Mohamed Youcef Belaïli,235,82,3,Advanced Forward
Maghnes Akliouche,235,38,3,Advanced Forward
Evann Guessand,235,13,3,Advanced Forward
Mostafa Mohamed Ahmed Abdallah,235,103,1,Target Man
Mounaim El Idrissy,235,135,2,Complete Forward
Marcus Coco,235,12,2,Complete Forward
Ibrahima Niane,235,68,2,Complete Forward
Abdallah Dipo Sima,235,98,2,Complete Forward
Thijs Dallinga,235,105,0,Poacher
Alexis Alejandro Sánchez Sánchez,235,157,3,Advanced Forward
Amine Salama,235,31,1,Target Man
Vítor Manuel Carvalho Oliveira,235,12,0,Poacher
Valère Germain,235,68,0,Poacher
Stephy Alvaro Mavididi,235,92,3,Advanced Forward
Alexandre Lacazette,235,160,3,Advanced Forward
Vladyslav Vanat,282,21,0,Poacher
Andraž Šporar,282,343,3,Advanced Forward
Mirlind Daku,282,13,1,Target Man
Mohamed Zeki Amdouni,282,21,3,Advanced Forward
Marcus Thuram,282,165,3,Advanced Forward
Tomáš Chorý,282,43,0,Poacher
Budu Zivzivadze,282,15,1,Target Man
Che Adams,282,209,2,Complete Forward
Denis Alibec,282,35,0,Poacher
Marcel Sabitzer,282,91,3,Advanced Forward
Mateo Retegui,282,162,0,Poacher
Martin Ádám,282,41,0,Poacher
David Brekalo,282,0,0,Poacher
David Strelec,282,179,0,Poacher
Giorgi Kvilitaia,282,6,1,Target Man
Benjamin Šeško,282,356,2,Complete Forward
Rafael Alexandre Conceição Leão,282,60,2,Complete Forward
Rasmus Winther Højlund,282,284,3,Advanced Forward
Donyell Malen,282,45,3,Advanced Forward
Dušan Vlahović,282,116,2,Complete Forward
Dániel Gazdag,282,4,1,Target Man
Kacper Urbanski,282,148,3,Advanced Forward
Karol Świderski,282,99,2,Complete Forward
Barış Alper Yılmaz,282,374,3,Advanced Forward
Artem Dovbyk,282,247,3,Advanced Forward
Armando Broja,282,107,3,Advanced Forward
Muhammed Kerem Aktürkoğlu,282,13,2,Complete Forward
Mojmír Chytil,282,113,2,Complete Forward
Diogo José Teixeira da Silva,282,30,2,Complete Forward
Žan Celar,282,50,0,Poacher
Róbert Boženík,282,208,3,Advanced Forward
Gianluca Scamacca,282,248,2,Complete Forward
Giacomo Raspadori,282,72,1,Target Man
George Alexandru Puşcaş,282,44,1,Target Man
John McGinn,282,89,2,Complete Forward
Josip Iličić,282,18,3,Advanced Forward
Rey Manaj,282,159,0,Poacher
Roland Sallai,282,96,3,Advanced Forward
Yussuf Yurary Poulsen,282,57,1,Target Man
Ryan Christie,282,84,1,Target Man
Ruben Vargas,282,74,3,Advanced Forward
Romelu Lukaku Menama,282,352,2,Complete Forward
Yusuf Yazıcı,282,62,0,Poacher
Zuriko Davitashvili,282,8,1,Target Man
Žan Vipotnik,282,19,1,Target Man
Jan Kuchta,282,59,3,Advanced Forward
Lewis Morgan,282,7,1,Target Man
Lazar Samardžić,282,11,2,Complete Forward
Lawrence Shankland,282,39,1,Target Man
Kevin De Bruyne,282,92,1,Target Man
Dan Ndoye,282,85,3,Advanced Forward
Hirving Rodrigo Lozano Bahena,106,72,2,Complete Forward
Callum Wilson,106,56,3,Advanced Forward
Mathew Leckie,106,71,1,Target Man
Darwin Gabriel Núñez Ribeiro,106,244,2,Complete Forward
Charles De Ketelaere,106,13,2,Complete Forward
Akram Hassan Afif,106,278,3,Advanced Forward
Ui-Jo Hwang,106,99,0,Poacher
Timothy Weah,106,161,3,Advanced Forward
Haris Seferović,106,75,2,Complete Forward
Hattan Babhir,106,0,0,Poacher
Boulaye Dia,106,226,3,Advanced Forward
Ajdin Hrustic,106,30,1,Target Man
Ahmed Alaa Eldin Abdelmotaal,106,8,1,Target Man
Vincent Janssen,106,90,3,Advanced Forward
Walid Cheddira,106,63,2,Complete Forward
Abderrazak Hamdallah,106,73,1,Target Man
Sardar Azmoun,106,128,2,Complete Forward
Jason Cummings,106,40,3,Advanced Forward
Giovanni Reyna,106,58,0,Poacher
Haitham Mohammed Asiri,106,14,1,Target Man
Abdulrahman Al-Obood,106,32,1,Target Man
Steven Bergwijn,106,269,3,Advanced Forward
Antoine Semenyo,106,25,0,Poacher
Garang Kuol,106,24,0,Poacher
Anthony Daniel Contreras Enríquez,106,122,1,Target Man
Iñaki Williams Arthuer,106,267,3,Advanced Forward
Jackson Irvine,106,95,3,Advanced Forward
Joshua Sargent,106,155,0,Poacher
José Adoni Cifuentes Charcopa,106,16,0,Poacher
Riley McGree,106,134,3,Advanced Forward
Jonathan David,106,195,3,Advanced Forward
Andrej Kramarić,106,207,3,Advanced Forward
Youssoufa Moukoko,106,0,0,Poacher
Rogelio Gabriel Funes Mori,106,10,0,Poacher
Xherdan Shaqiri,106,93,3,Advanced Forward
Issam Jebali,106,190,3,Advanced Forward
Mohammed Kanoo,106,96,1,Target Man
Karim Ansarifard,106,46,1,Target Man
Ardon Jashari,106,5,1,Target Man
Daichi Kamada,106,93,1,Target Man
Lucas Daniel Cavallini,106,22,0,Poacher
Cyle Larin,106,135,1,Target Man
Noah Okafor,106,2,2,Complete Forward
Michael Steveen Estrada Martínez,106,225,1,Target Man
Daniel James,106,46,3,Advanced Forward
Ernesto Alexis Vega Rojas,106,63,0,Poacher
Firas Tariq Nasser Al Albirakan,106,277,3,Advanced Forward
Heung-Min Son,106,92,3,Advanced Forward
Almoez Ali Zainalabiddin Abdulla,106,227,3,Advanced Forward
Thomas Müller,106,134,0,Poacher
Taha Yassine Khenissi,106,34,0,Poacher
Gabriel Fernando de Jesus,106,102,3,Advanced Forward
Piotr Zieliński,106,93,2,Complete Forward
Johan Alberto Venegas Ulloa,106,73,3,Advanced Forward
Jesus Ferreira,106,45,3,Advanced Forward
Edinson Roberto Cavani Gómez,106,134,0,Poacher
Jamie MacLaren,106,65,0,Poacher
Xavi Simons,106,12,2,Complete Forward
Andreas Skov Olsen,106,64,3,Advanced Forward
Andreas Evald Cornelius,106,97,1,Target Man
Zakaria Aboukhlal,106,44,1,Target Man
Ayase Ueda,106,45,1,Target Man
Dušan Tadić,106,185,3,Advanced Forward
Joel Nathaniel Campbell Samuels,106,285,3,Advanced Forward
Jewison Bennette,106,30,2,Complete Forward
Raúl Alonso Jiménez Rodríguez,106,68,1,Target Man
Djorkaeff Neicer Reasco González,106,27,3,Advanced Forward
Arkadiusz Milik,106,78,2,Complete Forward
Kieffer Roberto Francisco Moore,106,245,3,Advanced Forward
Leandro Trossard,106,57,1,Target Man
Kevin José Rodríguez Cortez,106,9,0,Poacher
Mohammed Kudus,106,97,3,Advanced Forward
Andrea Bertolacci,27,6,1,Target Man
Simone Verdi,27,19,2,Complete Forward
Stefano Mauri,27,78,0,Poacher
Tim Matavž,27,464,2,Complete Forward
Alessandro Diamanti,27,9,3,Advanced Forward
Alessandro Piu,27,195,0,Poacher
Valter Birsa,27,72,1,Target Man
Fernando Llorente Torres,27,15,3,Advanced Forward
Federico Bonazzoli,27,59,3,Advanced Forward
Marco Tumminello,27,2,0,Poacher
Daniele Verde,27,13,1,Target Man
Darko Lazović,27,65,3,Advanced Forward
Christian Maggio,27,5,0,Poacher
Bruno Miguel Borges Fernandes,27,55,1,Target Man
Carlos Joaquín Correa,27,53,1,Target Man
Maximiliano Nicol Moralez,27,185,3,Advanced Forward
Matuzalém Francelino da Silva,27,9,3,Advanced Forward
Mato Jajalo,27,0,0,Poacher
Massimiliano Carlini,27,30,3,Advanced Forward
Boško Janković,27,89,3,Advanced Forward
Simone Pepe,27,80,1,Target Man
Francesco Acerbi,27,93,3,Advanced Forward
Franco Brienza,27,121,1,Target Man
Alejandro Miguel Rodriguez,27,41,0,Poacher
Simone Edera,27,4,0,Poacher
Amauri Carvalho de Oliveira,27,12,0,Poacher
Alejandro Darío Gómez,27,357,2,Complete Forward
Aleksandar Tonev,27,112,0,Poacher
Kingsley Coman,27,63,3,Advanced Forward
Luca Siligardi,27,80,3,Advanced Forward
Nicola Sansone,27,180,3,Advanced Forward
Norbert Sándor Balogh,27,35,1,Target Man
Lucas Nahuel Castro,27,184,3,Advanced Forward
Cristian Raimondi,27,29,0,Poacher
Levan Mchedlidze,27,325,1,Target Man
Antonino La Gumina,27,66,0,Poacher
Paweł Wszołek,27,36,2,Complete Forward
Diego Ángel Capel Trinidad,27,215,0,Poacher
Jules Olivier Ntcham,27,275,3,Advanced Forward
Raphael Martinho Alves de Lima,27,13,0,Poacher
Rade Krunić,27,27,2,Complete Forward
Borja Valero Iglesias,27,90,3,Advanced Forward
Emanuele Giaccherini,27,183,3,Advanced Forward
Emanuele Suagher,27,1,3,Advanced Forward
Kamil Wilczek,27,119,3,Advanced Forward
Antonio Di Gaudio,27,211,3,Advanced Forward
Keita Baldé Diao,27,548,2,Complete Forward
Domenico Berardi,27,84,3,Advanced Forward
Nicolás Ignacio Castillo Mora,27,291,3,Advanced Forward
Panagiotis Tachtsidis,27,54,1,Target Man
Paul-José M''Poku Ebunge,27,273,2,Complete Forward
Juan Ignacio Gómez Taleb,27,1091,1,Target Man
Juan Guillermo Cuadrado Bello,27,12,1,Target Man
Rodrigo Sebastián Aguirre Soto,27,332,2,Complete Forward
Roberto Maximiliano Pereyra,27,91,3,Advanced Forward
Andrés Fabián Ponce Núñez,27,4,0,Poacher
Andrea Poli,27,8,3,Advanced Forward
Ryder Matos Santos,27,641,2,Complete Forward
Ricardo Gabriel Álvarez,27,33,2,Complete Forward
Robert Acquafresca,27,191,1,Target Man
Riccardo Saponara,27,185,3,Advanced Forward
Gaetano Monachello,27,340,2,Complete Forward
Ante Rebić,27,142,3,Advanced Forward
Samuele Longo,27,318,1,Target Man
Guglielmo Stendardo,27,24,3,Advanced Forward
Giuseppe Rossi,27,238,1,Target Man
Goran Pandev,27,829,3,Advanced Forward
Giuseppe Panico,27,1,0,Poacher
Sergej Milinković-Savić,27,94,0,Poacher
Sebastian De Maio,27,93,1,Target Man
Segundo Víctor Ibarbo Guerrero,27,0,1,Target Man
