player,team,minutes_played,finishing_quality,chance_creation,ball_progression,one_v_one,off_ball_movement,defensive_contribution,matches_played,full_match_equivalent,composite_score,competition_id,season_id
Federico Vico Villegas,Granada,7.83,7.0,7.0,10.0,7.0,7.0,7.0,1,0.1,7.5,11,90
Alessandro Longhi,Sassuolo,3.53,7.0,7.0,8.17,7.0,7.0,7.0,1,0.0,7.2,12,27
Lorenz Assignon,Rennes,19.98,7.0,7.0,7.53,7.0,7.0,7.0,1,0.2,7.09,7,235
Irvin Cardona,Stade Brestois,6.95,7.0,7.0,7.43,7.0,7.0,7.0,1,0.1,7.07,7,235
Davide Brivio,Atalanta,18.88,7.0,7.0,7.03,7.0,7.0,7.0,2,0.2,7.01,12,27
Ivane Chegra,AC Ajaccio,24.0,7.0,7.0,6.94,7.0,7.0,7.0,1,0.3,6.99,7,235
Mohamed Zeki Amdouni,Switzerland,6.72,7.0,7.0,6.81,7.0,7.0,7.0,1,0.1,6.97,55,282
Luis Javier Suárez Charris,Granada,84.0,7.0,7.0,5.7,7.0,7.0,8.06,1,0.9,6.96,11,90
Abdessamad Ezzalzouli,Morocco,55.95,7.0,7.0,5.3,7.0,7.0,8.3,1,0.6,6.93,43,106
Alberth Josué Elis Martínez,Bordeaux,67.0,7.0,7.0,5.41,7.0,7.0,8.02,1,0.7,6.91,7,108
Diego Alejandro Rolan Silva,Deportivo Alavés,45.0,7.0,7.0,5.59,7.0,7.0,7.86,1,0.5,6.91,11,4
Gerard Gumbau Garriga,Leganés,18.93,7.0,7.0,6.4,7.0,7.0,7.0,1,0.2,6.9,11,4
Takehiro Tomiyasu,Japan,28.98,7.0,7.0,6.38,7.0,7.0,7.0,1,0.3,6.9,43,106
Hee-Chan Hwang,South Korea,31.68,7.0,7.0,6.3,7.0,7.0,7.0,1,0.4,6.88,43,106
Keanu Baccus,Australia,51.98,7.0,7.0,5.52,7.0,7.0,7.69,1,0.6,6.87,43,106
Karim Laribi,Sassuolo,26.85,7.0,7.0,6.17,7.0,7.0,7.0,2,0.3,6.86,12,27
Jeremy Leonel Sarmiento Morante,Ecuador,24.95,7.0,7.0,6.19,7.0,7.0,7.0,1,0.3,6.86,43,106
Iñigo Córdoba Kerejeta,Athletic Club,56.0,7.0,7.0,5.24,7.0,7.0,7.82,1,0.6,6.84,11,42
Arnaud Nordin,Saint-Étienne,65.0,7.0,7.0,4.84,7.0,7.0,8.22,1,0.7,6.84,7,108
Gaël Kakuta,Lens,53.0,7.0,7.0,5.9,7.0,7.0,7.0,1,0.6,6.82,7,108
Eden Hazard,Belgium,2.75,7.0,7.0,5.94,7.0,7.0,7.0,1,0.0,6.82,43,106
Eren Sami Dinkçi,FC Heidenheim,77.0,7.0,7.0,5.08,7.0,7.0,7.84,1,0.9,6.82,9,281
Takefusa Kubo,Japan,90.0,7.0,7.0,5.23,7.0,7.0,7.61,2,1.0,6.81,43,106
Allan Romeo Nyom,Leganés,6.97,7.0,7.0,5.85,7.0,7.0,7.0,1,0.1,6.81,11,4
Javier Eraso Goñi,Leganés,32.93,7.0,7.0,4.8,7.0,7.0,8.05,1,0.4,6.81,11,42
Selim Amallah,Morocco,27.97,7.0,7.0,5.86,7.0,7.0,7.0,1,0.3,6.81,43,106
Nabil El Zhar,Leganés,84.0,7.0,7.0,4.93,7.0,7.0,7.94,1,0.9,6.81,11,4
Jamie Jermaine Bynoe-Gittens,Borussia Dortmund,63.0,7.0,7.0,5.38,7.0,7.0,7.43,1,0.7,6.8,9,281
Silas Katompa Mvumpa,VfB Stuttgart,12.93,7.0,7.0,5.79,7.0,7.0,7.0,1,0.1,6.8,9,281
Tim Matavž,Genoa,13.9,7.0,7.0,5.77,7.0,7.0,7.0,1,0.2,6.79,12,27
Adrien Truffert,Rennes,5.65,7.0,7.0,5.71,7.0,7.0,7.0,1,0.1,6.79,7,108
Martin Baturina,Croatia,11.88,7.0,7.0,5.72,7.0,7.0,7.0,1,0.1,6.79,55,282
Panagiotis Tachtsidis,Genoa,0.75,7.0,7.0,5.72,7.0,7.0,7.0,1,0.0,6.79,12,27
Gaëtan Perrin,Auxerre,41.88,7.0,7.0,5.71,7.0,7.0,7.0,2,0.5,6.79,7,235
Darko Brašanac,Deportivo Alavés,48.97,7.0,7.0,5.76,7.0,7.0,7.0,1,0.5,6.79,11,4
Jewison Bennette,Costa Rica,115.77,7.0,7.0,5.06,7.0,7.0,7.63,3,1.3,6.78,43,106
Hattan Babhir,Saudi Arabia,9.98,7.0,7.0,5.7,7.0,7.0,7.0,1,0.1,6.78,43,106
Ayoze Pérez Gutiérrez,Spain,15.83,7.0,7.0,5.71,7.0,7.0,7.0,1,0.2,6.78,55,282
Adrián Marín Gómez,Granada,15.88,7.0,7.0,5.68,7.0,7.0,7.0,1,0.2,6.78,11,90
Wallace Oliveira dos Santos,Carpi,18.98,7.0,7.0,5.7,7.0,7.0,7.0,1,0.2,6.78,12,27
Willem Geubbels,Nantes,15.98,7.0,7.0,5.62,7.0,7.0,7.0,1,0.2,6.77,7,108
Matteo Mancosu,Bologna,10.78,7.0,7.0,5.55,7.0,7.0,7.0,1,0.1,6.76,12,27
Silvan Widmer,Udinese,3.75,7.0,7.0,5.56,7.0,7.0,7.0,1,0.0,6.76,12,27
Jonathan de Guzmán,Carpi,25.98,7.0,7.0,5.57,7.0,7.0,7.0,1,0.3,6.76,12,27
Aitor Ruibal García,Real Betis,92.98,7.0,7.0,5.57,7.0,7.0,7.0,2,1.0,6.76,11,90
William Vainqueur,AS Roma,2.37,7.0,7.0,5.58,7.0,7.0,7.0,1,0.0,6.76,12,27
Ray Parlour,Arsenal,12.0,7.0,7.0,5.55,7.0,7.0,7.0,1,0.1,6.76,2,44
Arbër Hoxha,Albania,50.95,7.0,7.0,5.51,7.0,7.0,7.0,2,0.6,6.75,55,282
Patrick Twumasi,Deportivo Alavés,18.97,7.0,7.0,5.53,7.0,7.0,7.0,1,0.2,6.75,11,4
Ibrahima Mbaye,Bologna,19.97,7.0,7.0,5.42,7.0,7.0,7.0,1,0.2,6.74,12,27
Qazim Laçi,Albania,24.88,7.0,7.0,5.41,7.0,7.0,7.0,1,0.3,6.74,55,282
Takuma Asano,Bochum,61.0,7.0,7.0,4.61,7.0,7.0,7.83,2,0.7,6.74,9,281
Eberechi Eze,England,60.92,7.0,7.0,5.36,7.0,7.0,7.0,2,0.7,6.73,55,282
Anthony Gordon,England,4.65,7.0,7.0,5.39,7.0,7.0,7.0,1,0.1,6.73,55,282
Wilson Isidor,AS Monaco,8.9,7.0,7.0,5.33,7.0,7.0,7.0,1,0.1,6.72,7,108
Dan Ndoye,Switzerland,85.0,7.0,7.0,4.51,7.0,7.0,7.8,1,0.9,6.72,55,282
Brenden Aaronson,United States,84.95,7.0,7.0,5.02,7.0,7.0,7.28,2,0.9,6.72,43,106
Karim-David Adeyemi,Borussia Dortmund,29.87,7.0,7.0,5.34,7.0,7.0,7.0,1,0.3,6.72,9,281
Pablo Ezequiel De Blasis,Eibar,26.93,7.0,7.0,5.34,7.0,7.0,7.0,1,0.3,6.72,11,4
Valentin Mihai Mihăilă,Romania,29.98,7.0,7.0,5.34,7.0,7.0,7.0,1,0.3,6.72,55,282
Mario Barwuah Balotelli,AC Milan,34.98,7.0,7.0,5.34,7.0,7.0,7.0,1,0.4,6.72,12,27
Saba Lobzhanidze,Georgia,11.92,7.0,7.0,5.25,7.0,7.0,7.0,1,0.1,6.71,55,282
Javairô Dilrosun,Bordeaux,10.98,7.0,7.0,5.23,7.0,7.0,7.0,1,0.1,6.71,7,108
Christian Fassnacht,Switzerland,14.98,7.0,7.0,5.27,7.0,7.0,7.0,1,0.2,6.71,43,106
Marcello Trotta,Sassuolo,19.97,7.0,7.0,5.26,7.0,7.0,7.0,1,0.2,6.71,12,27
Umar Sadiq Mesbah,AS Roma,43.42,7.0,7.0,5.24,7.0,7.0,7.0,3,0.5,6.71,12,27
Alan Virginius,Lille,9.88,7.0,7.0,5.23,7.0,7.0,7.0,1,0.1,6.71,7,235
Aaron Mattia Tabacchi,Bologna,8.97,7.0,7.0,5.19,7.0,7.0,7.0,1,0.1,6.7,12,27
Siriki Dembele,Auxerre,8.82,7.0,7.0,5.19,7.0,7.0,7.0,1,0.1,6.7,7,235
Mathis Rayan Cherki,Lyon,15.98,7.0,7.0,5.17,7.0,7.0,7.0,1,0.2,6.7,7,108
Sékou Mara,Bordeaux,23.97,7.0,7.0,4.52,7.0,7.0,7.68,1,0.3,6.7,7,108
Giampaolo Pazzini,Hellas Verona,35.92,7.0,7.0,5.2,7.0,7.0,7.0,2,0.4,6.7,12,27
Rodrygo Silva de Goes,Brazil,20.98,7.0,7.0,5.23,7.0,7.0,7.0,1,0.2,6.7,43,106
Rafael Alexandre Conceição Leão,Portugal,120.77,7.0,7.0,5.21,7.0,7.0,7.0,5,1.3,6.7,43,106
Roberto Carlos Alvarado Hernández,Mexico,23.98,7.0,7.0,5.15,7.0,7.0,7.0,1,0.3,6.69,43,106
Federico Bonazzoli,Sampdoria,22.9,7.0,7.0,5.16,7.0,7.0,7.0,2,0.3,6.69,12,27
Thomas Lemar,Atlético Madrid,12.0,7.0,7.0,5.17,7.0,7.0,7.0,1,0.1,6.69,11,90
Takumi Minamino,Japan,71.53,7.0,7.0,5.13,7.0,7.0,7.0,3,0.8,6.69,43,106
Iker Muniain Goñi,Athletic Club,36.97,7.0,7.0,5.11,7.0,7.0,7.0,1,0.4,6.69,11,42
Kang-In Lee,South Korea,22.98,7.0,7.0,5.15,7.0,7.0,7.0,1,0.3,6.69,43,106
Fermin Lopez Marin,Spain,32.97,7.0,7.0,5.15,7.0,7.0,7.0,1,0.4,6.69,55,282
Michael Ijemuan Folorunsho,Italy,2.55,7.0,7.0,5.08,7.0,7.0,7.0,1,0.0,6.68,55,282
Jens Petter Hauge,Eintracht Frankfurt,20.97,7.0,7.0,5.08,7.0,7.0,7.0,1,0.2,6.68,9,281
Jacob Bruun Larsen,Denmark,12.93,7.0,7.0,5.07,7.0,7.0,7.0,1,0.1,6.68,55,282
Yvandro Borges Sanches,Borussia Mönchengladbach,12.95,7.0,7.0,5.07,7.0,7.0,7.0,1,0.1,6.68,9,281
Kévin Constant,Bologna,12.98,7.0,7.0,5.06,7.0,7.0,7.0,1,0.1,6.68,12,27
Manuel Agudo Durán,Sevilla,45.0,7.0,7.0,5.06,7.0,7.0,7.0,1,0.5,6.68,11,42
Nikola Vlašić,Croatia,196.83,7.0,7.0,5.06,7.0,7.0,7.0,5,2.2,6.68,43,106
Konrad De La Fuente,Marseille,22.98,7.0,7.0,5.09,7.0,7.0,7.0,1,0.3,6.68,7,108
Bryan Ruiz González,Costa Rica,36.95,7.0,7.0,5.1,7.0,7.0,7.0,1,0.4,6.68,43,106
Abel Ruiz Ortega,Barcelona,25.98,7.0,7.0,5.05,7.0,7.0,7.0,1,0.3,6.68,11,4
Miralem Pjanić,AS Roma,16.98,7.0,7.0,5.09,7.0,7.0,7.0,1,0.2,6.68,12,27
Ibrahim Salah,Rennes,16.97,7.0,7.0,5.07,7.0,7.0,7.0,1,0.2,6.68,7,235
Jerry Uche Mbakogu,Carpi,22.98,7.0,7.0,5.11,7.0,7.0,7.0,1,0.3,6.68,12,27
Christian Mougang Bassogog,Cameroon,66.98,7.0,7.0,5.07,7.0,7.0,7.0,1,0.7,6.68,43,106
Cristian Raimondi,Atalanta,136.7,7.0,7.0,5.09,7.0,7.0,7.0,6,1.5,6.68,12,27
Johan Alberto Venegas Ulloa,Costa Rica,73.0,7.0,7.0,4.69,7.0,7.0,7.4,1,0.8,6.68,43,106
John McGinn,Scotland,64.0,7.0,7.0,5.05,7.0,7.0,7.0,1,0.7,6.67,55,282
Julien Duranville,Borussia Dortmund,13.87,7.0,7.0,5.03,7.0,7.0,7.0,1,0.2,6.67,9,281
Kamil Grosicki,Poland,9.73,7.0,7.0,5.01,7.0,7.0,7.0,1,0.1,6.67,43,106
Carles Aleña Castillo,Barcelona,11.98,7.0,7.0,5.04,7.0,7.0,7.0,1,0.1,6.67,11,4
Roberto Soriano,Sampdoria,49.9,7.0,7.0,4.94,7.0,7.0,7.0,2,0.6,6.66,12,27
Brennan Johnson,Wales,45.95,7.0,7.0,4.94,7.0,7.0,7.0,1,0.5,6.66,43,106
Chris Führich,Germany,20.97,7.0,7.0,4.97,7.0,7.0,7.0,1,0.2,6.66,55,282
Thomas Müller,Germany,18.97,7.0,7.0,4.98,7.0,7.0,7.0,1,0.2,6.66,55,282
Georges-Kévin Nkoudou Mbida,Cameroon,37.95,7.0,7.0,4.98,7.0,7.0,7.0,2,0.4,6.66,43,106
Amin Sarr,Wolfsburg,49.97,7.0,7.0,4.94,7.0,7.0,7.0,1,0.6,6.66,9,281
Alessandro Piu,Empoli,8.98,7.0,7.0,4.98,7.0,7.0,7.0,1,0.1,6.66,12,27
Alessandro Matri,Lazio,68.98,7.0,7.0,4.94,7.0,7.0,7.0,2,0.8,6.66,12,27
Alireza Jahanbakhsh,Iran,58.0,7.0,7.0,4.96,7.0,7.0,7.0,1,0.6,6.66,43,106
Gaëtan Charbonnier,Auxerre,21.98,7.0,7.0,4.98,7.0,7.0,7.0,1,0.2,6.66,7,235
Kevin Campbell,Everton,3.78,7.0,7.0,4.95,7.0,7.0,7.0,1,0.0,6.66,2,44
Christian Maggio,Napoli,10.75,7.0,7.0,4.92,7.0,7.0,7.0,2,0.1,6.65,12,27
Gabriel Gudmundsson,Lille,56.0,7.0,7.0,4.91,7.0,7.0,7.0,1,0.6,6.65,7,235
Lazar Samardžić,Serbia,45.0,7.0,7.0,4.89,7.0,7.0,7.0,1,0.5,6.65,55,282
Samuele Longo,Frosinone,33.98,7.0,7.0,4.9,7.0,7.0,7.0,3,0.4,6.65,12,27
Kevin-Prince Boateng,AC Milan,15.8,7.0,7.0,4.88,7.0,7.0,7.0,1,0.2,6.65,12,27
Ryan Christie,Scotland,80.0,7.0,7.0,4.17,7.0,7.0,7.74,1,0.9,6.65,55,282
Riad Nouri,AC Ajaccio,23.0,7.0,7.0,4.9,7.0,7.0,7.0,1,0.3,6.65,7,235
Houssem Aouar,Lyon,23.98,7.0,7.0,4.88,7.0,7.0,7.0,1,0.3,6.65,7,108
Noah Okafor,Switzerland,46.97,7.0,7.0,4.91,7.0,7.0,7.0,2,0.5,6.65,43,106
Dávid Ďuriš,Slovakia,30.25,7.0,7.0,4.85,7.0,7.0,7.0,2,0.3,6.64,55,282
Diego Falcinelli,Sassuolo,16.97,7.0,7.0,4.86,7.0,7.0,7.0,1,0.2,6.64,12,27
Charles De Ketelaere,Belgium,13.0,7.0,7.0,4.85,7.0,7.0,7.0,1,0.1,6.64,43,106
Anass Zaroury,Morocco,30.97,7.0,7.0,4.84,7.0,7.0,7.0,1,0.3,6.64,43,106
Anwar El Ghazi,FSV Mainz 05,21.97,7.0,7.0,4.84,7.0,7.0,7.0,1,0.2,6.64,9,281
Carlos Uriel Antuna Romero,Mexico,92.87,7.0,7.0,4.84,7.0,7.0,7.0,3,1.0,6.64,43,106
Rafael Mir Vicente,Huesca,89.0,7.0,7.0,4.85,7.0,7.0,7.0,1,1.0,6.64,11,90
Nicolas Moumi Ngamaleu,Cameroon,6.67,7.0,7.0,4.85,7.0,7.0,7.0,1,0.1,6.64,43,106
Remo Freuler,Atalanta,46.97,7.0,7.0,4.84,7.0,7.0,7.0,1,0.5,6.64,12,27
Ciro Immobile,Torino,217.9,7.0,5.72,5.22,7.0,7.0,7.87,3,2.4,6.64,12,27
Jarrod Bowen,England,42.85,7.0,7.0,4.82,7.0,7.0,7.0,2,0.5,6.64,55,282
Max Finkgräfe,FC Köln,29.92,7.0,7.0,4.85,7.0,7.0,7.0,1,0.3,6.64,9,281
Giuseppe Pezzella,Palermo,25.95,7.0,7.0,4.81,7.0,7.0,7.0,1,0.3,6.64,12,27
Lucas Da Cunha,Clermont Foot,21.0,7.0,7.0,4.77,7.0,7.0,7.0,1,0.2,6.63,7,108
Woo-Yeong Jeong,VfB Stuttgart,19.98,7.0,7.0,4.77,7.0,7.0,7.0,1,0.2,6.63,9,281
Nicola Zalewski,Poland,18.0,7.0,7.0,4.77,7.0,7.0,7.0,1,0.2,6.63,43,106
Rodrigo Sánchez Rodriguez,Real Betis,36.85,7.0,7.0,4.77,7.0,7.0,7.0,2,0.4,6.63,11,90
Sandro Ramírez Castillo,Real Sociedad,7.98,7.0,7.0,4.7,7.0,7.0,7.0,1,0.1,6.62,11,4
Juan Manuel Iturbe Arévalo,AS Roma,386.68,7.0,6.4,5.3,7.0,7.0,7.0,10,4.3,6.62,12,27
José Antonio Morente Oliva,Elche,32.88,7.0,7.0,4.72,7.0,7.0,7.0,1,0.4,6.62,11,90
Denis Thomalla,FC Heidenheim,10.98,7.0,7.0,4.69,7.0,7.0,7.0,1,0.1,6.62,9,281
Jordan Morris,United States,11.85,7.0,7.0,4.73,7.0,7.0,7.0,1,0.1,6.62,43,106
Robin Hack,Borussia Mönchengladbach,23.97,7.0,7.0,4.75,7.0,7.0,7.0,1,0.3,6.62,9,281
Josef Alexander Martínez Mencia,Torino,131.82,7.0,7.0,4.65,7.0,7.0,7.0,3,1.5,6.61,12,27
Iñaki Williams Arthuer,Ghana,71.0,7.0,7.0,4.69,7.0,7.0,7.0,1,0.8,6.61,43,106
Alvaro José Zamora Mata,Costa Rica,33.97,7.0,7.0,4.63,7.0,7.0,7.0,1,0.4,6.61,43,106
Renato Steffen,Switzerland,33.93,7.0,7.0,4.68,7.0,7.0,7.0,1,0.4,6.61,43,106
Enner Remberto Valencia Lastra,Ecuador,94.98,7.0,7.0,4.69,7.0,7.0,7.0,1,1.1,6.61,43,106
Héctor Junior Firpo Adames,Barcelona,5.83,7.0,7.0,4.66,7.0,7.0,7.0,1,0.1,6.61,11,42
Nicolas Jackson,Senegal,23.9,7.0,7.0,4.68,7.0,7.0,7.0,1,0.3,6.61,43,106
Ianis Hagi,Romania,28.8,7.0,7.0,4.66,7.0,7.0,7.0,1,0.3,6.61,55,282
John Guidetti,Deportivo Alavés,12.98,7.0,7.0,4.65,7.0,7.0,7.0,1,0.1,6.61,11,4
Tiago Barreiros de Melo Tomás,Wolfsburg,58.0,7.0,7.0,4.68,7.0,7.0,7.0,1,0.6,6.61,9,281
Ismaël Gharbi,Paris Saint-Germain,3.88,7.0,7.0,4.66,7.0,7.0,7.0,1,0.0,6.61,7,108
Mauro Emanuel Icardi Rivero,Paris Saint-Germain,19.95,7.0,7.0,4.62,7.0,7.0,7.0,1,0.2,6.6,7,108
Martin Keown,Arsenal,0.73,7.0,7.0,4.61,7.0,7.0,7.0,1,0.0,6.6,2,44
Marko Livaja,Empoli,13.98,7.0,7.0,4.59,7.0,7.0,7.0,1,0.2,6.6,12,27
Rey Manaj,Inter Milan,8.98,7.0,7.0,4.57,7.0,7.0,7.0,1,0.1,6.6,12,27
Edenílson Andrade dos Santos,Udinese,54.88,7.0,7.0,4.61,7.0,7.0,7.0,2,0.6,6.6,12,27
Manolo Gabbiadini,Napoli,95.68,7.0,7.0,4.62,7.0,7.0,7.0,4,1.1,6.6,12,27
Mathys Tel,Bayern Munich,27.97,7.0,7.0,4.57,7.0,7.0,7.0,1,0.3,6.6,9,281
Matuzalém Francelino da Silva,Hellas Verona,9.88,7.0,7.0,4.61,7.0,7.0,7.0,1,0.1,6.6,12,27
Alejandro Baena Rodríguez,Spain,9.98,7.0,7.0,4.63,7.0,7.0,7.0,1,0.1,6.6,55,282
Abdulrahman Al-Obood,Saudi Arabia,44.93,7.0,7.0,4.58,7.0,7.0,7.0,2,0.5,6.6,43,106
Riccardo Meggiorini,Chievo,193.97,7.0,5.68,5.55,7.0,7.0,7.38,3,2.2,6.6,12,27
Mathias Pereira Lage,Stade Brestois,23.98,7.0,7.0,4.62,7.0,7.0,7.0,1,0.3,6.6,7,235
Ernest Muçi,Albania,10.95,7.0,7.0,4.53,7.0,7.0,7.0,1,0.1,6.59,55,282
Daniele Verde,Frosinone,13.92,7.0,7.0,4.56,7.0,7.0,7.0,1,0.2,6.59,12,27
Miguel Baeza Pérez,Celta Vigo,47.98,7.0,7.0,4.56,7.0,7.0,7.0,1,0.5,6.59,11,90
Alberto Soro Álvarez,Granada,21.0,7.0,7.0,4.56,7.0,7.0,7.0,1,0.2,6.59,11,90
Robert Kenedy Nunes do Nascimento,Granada,20.0,7.0,7.0,4.53,7.0,7.0,7.0,1,0.2,6.59,11,90
Ander Herrera Agüera,Paris Saint-Germain,19.63,7.0,7.0,4.55,7.0,7.0,7.0,2,0.2,6.59,7,108
Kevin Sessa,FC Heidenheim,10.95,7.0,7.0,4.47,7.0,7.0,7.0,1,0.1,6.58,9,281
Cristian Portugués Manzanera,Real Sociedad,113.0,7.0,5.45,5.14,7.0,7.0,7.9,2,1.3,6.58,11,90
Osman Bukari,Ghana,53.93,7.0,7.0,4.46,7.0,7.0,7.0,1,0.6,6.58,43,106
Andrea Conti,Atalanta,52.93,7.0,7.0,4.46,7.0,7.0,7.0,2,0.6,6.58,12,27
James Beattie,Southampton,14.95,7.0,7.0,4.46,7.0,7.0,7.0,1,0.2,6.58,2,44
Thiago Ezequiel Almada,Argentina,12.98,7.0,7.0,4.46,7.0,7.0,7.0,1,0.1,6.58,43,106
Davide Biondini,Sassuolo,9.88,7.0,7.0,4.49,7.0,7.0,7.0,1,0.1,6.58,12,27
Rômulo Souza Orestes Caldeira,Hellas Verona,25.0,7.0,7.0,4.46,7.0,7.0,7.0,1,0.3,6.58,12,27
Ander Capa Rodríguez,Athletic Club,25.95,7.0,7.0,4.5,7.0,7.0,7.0,1,0.3,6.58,11,42
Kasper Dolberg,Denmark,20.95,7.0,7.0,4.4,7.0,7.0,7.0,1,0.2,6.57,43,106
Martín Zubimendi Ibáñez,Spain,1.95,7.0,7.0,4.44,7.0,7.0,7.0,1,0.0,6.57,55,282
Maximilian Philipp,Freiburg,11.0,7.0,7.0,4.41,7.0,7.0,7.0,1,0.1,6.57,9,281
Francis Jeffers,Everton,23.97,7.0,7.0,4.43,7.0,7.0,7.0,1,0.3,6.57,2,44
Lautaro Javier Martínez,Argentina,45.98,7.0,7.0,4.4,7.0,7.0,7.0,1,0.5,6.57,43,106
Anthony Daniel Contreras Enríquez,Costa Rica,65.98,7.0,7.0,4.44,7.0,7.0,7.0,2,0.7,6.57,43,106
Marcelo Alejandro Estigarribia Balmori,Atalanta,5.92,7.0,7.0,4.42,7.0,7.0,7.0,1,0.1,6.57,12,27
Leo Sauer,Slovakia,8.98,7.0,7.0,4.43,7.0,7.0,7.0,1,0.1,6.57,55,282
Marius Wolf,Borussia Dortmund,94.98,7.0,4.0,6.1,7.0,7.0,8.24,1,1.1,6.56,9,281
Segundo Víctor Ibarbo Guerrero,AS Roma,5.9,7.0,7.0,4.34,7.0,7.0,7.0,1,0.1,6.56,12,27
Harry Wilson,Wales,16.98,7.0,7.0,4.34,7.0,7.0,7.0,1,0.2,6.56,43,106
Victor Okoh Boniface,Bayer Leverkusen,65.0,7.0,7.0,4.34,7.0,7.0,7.0,1,0.7,6.56,9,281
Luka Jović,Serbia,48.97,7.0,7.0,4.36,7.0,7.0,7.0,1,0.5,6.56,55,282
Omar El Kaddouri,Napoli,240.17,7.0,6.38,4.98,7.0,7.0,7.0,16,2.7,6.56,12,27
Michel Aebischer,Switzerland,18.98,7.0,7.0,4.32,7.0,7.0,7.0,1,0.2,6.55,43,106
Nikola Kalinić,Fiorentina,30.92,7.0,7.0,4.28,7.0,7.0,7.0,1,0.3,6.55,12,27
Luis Alberto Suárez Díaz,Barcelona,36.98,7.0,7.0,4.28,7.0,7.0,7.0,1,0.4,6.55,11,42
Zakaria Aboukhlal,Toulouse,143.0,7.0,5.32,5.28,7.0,7.0,7.69,2,1.6,6.55,7,235
Georginio Wijnaldum,Paris Saint-Germain,42.93,7.0,7.0,4.28,7.0,7.0,7.0,2,0.5,6.55,7,108
Lorenzo Di Livio,AS Roma,23.92,7.0,7.0,4.33,7.0,7.0,7.0,1,0.3,6.55,12,27
Maximilian Beier,Germany,27.97,7.0,7.0,4.29,7.0,7.0,7.0,1,0.3,6.55,55,282
Steed Malbranque,Fulham,91.98,7.0,4.11,6.0,7.0,7.0,8.14,1,1.0,6.54,2,44
Jon Bautista Orgilles,Real Sociedad,8.98,7.0,7.0,4.24,7.0,7.0,7.0,1,0.1,6.54,11,90
Hirving Rodrigo Lozano Bahena,Mexico,263.97,7.0,5.03,5.66,7.0,7.0,7.54,3,2.9,6.54,43,106
Tomáš Suslov,Slovakia,136.73,7.0,5.83,4.9,7.0,7.0,7.51,4,1.5,6.54,55,282
Juan Francisco Martínez Modesto,Elche,19.93,7.0,7.0,4.15,7.0,7.0,7.0,1,0.2,6.53,11,90
Cheikh Ahmadou Bamba Mbacke Dieng,Senegal,47.98,7.0,7.0,4.15,7.0,7.0,7.0,1,0.5,6.53,43,106
Jérémie Aliadière,Arsenal,10.0,7.0,7.0,4.16,7.0,7.0,7.0,1,0.1,6.53,2,44
Blerim Džemaili,Genoa,92.98,7.0,4.11,5.78,7.0,7.0,8.29,1,1.0,6.53,12,27
Patrick Wimmer,Austria,150.97,7.0,5.28,5.24,7.0,7.0,7.65,3,1.7,6.53,55,282
Paul Pogba,Juventus,94.98,7.0,4.19,5.64,7.0,7.0,8.31,1,1.1,6.52,12,27
Désiré Doué,Rennes,132.0,7.0,5.57,5.03,7.0,7.0,7.52,2,1.5,6.52,7,235
Cristian Daniel Ansaldi,Genoa,92.98,7.0,4.15,5.89,7.0,7.0,8.06,1,1.0,6.52,12,27
Shinji Okazaki,Huesca,14.0,7.0,7.0,4.08,7.0,7.0,7.0,1,0.2,6.51,11,90
Bradley Barcola,France,111.97,7.0,5.53,5.5,7.0,7.0,7.0,3,1.2,6.51,55,282
Marcus Thuram,France,124.93,7.0,5.2,5.34,7.0,7.0,7.53,3,1.4,6.51,43,106
Manuel Pasqual,Fiorentina,0.58,7.0,7.0,4.0,7.0,7.0,7.0,1,0.0,6.5,12,27
Abdul Fatawu Issahaku,Ghana,0.02,7.0,7.0,4.0,7.0,7.0,7.0,1,0.0,6.5,43,106
Brian Brobbey,Netherlands,0.18,7.0,7.0,4.0,7.0,7.0,7.0,1,0.0,6.5,55,282
Ali Gholizadeh,Iran,75.0,7.0,4.0,5.65,7.0,7.0,8.32,1,0.8,6.5,43,106
Youstin Delfin Salas Gómez,Costa Rica,5.92,7.0,7.0,4.0,7.0,7.0,7.0,1,0.1,6.5,43,106
Andreas Weimann,Austria,5.87,7.0,7.0,4.0,7.0,7.0,7.0,1,0.1,6.5,55,282
Muhammed Kerem Aktürkoğlu,Turkey,106.75,7.0,5.51,5.48,7.0,7.0,7.0,4,1.2,6.5,55,282
Marcello Gazzola,Sassuolo,0.63,7.0,7.0,4.0,7.0,7.0,7.0,1,0.0,6.5,12,27
Djeidi Gassama,Paris Saint-Germain,2.72,7.0,7.0,4.0,7.0,7.0,7.0,1,0.0,6.5,7,108
Tristan Dingomé,Troyes,3.65,7.0,7.0,4.0,7.0,7.0,7.0,1,0.0,6.5,7,108
Ľubomír Tupta,Slovakia,10.97,7.0,7.0,4.03,7.0,7.0,7.0,1,0.1,6.5,55,282
Ajdin Hrustic,Australia,7.83,7.0,7.0,4.0,7.0,7.0,7.0,1,0.1,6.5,43,106
Hannibal Mejbri,Tunisia,9.0,7.0,7.0,4.0,7.0,7.0,7.0,1,0.1,6.5,43,106
Antonio Di Gaudio,Carpi,385.83,7.0,5.61,5.14,7.0,7.0,7.18,7,4.3,6.49,12,27
Giorgi Chakvetadze,Georgia,104.98,7.0,4.94,5.07,7.0,7.0,7.85,2,1.2,6.48,55,282
Ante Rebić,Hellas Verona,278.93,7.0,5.25,5.03,7.0,7.0,7.6,6,3.1,6.48,12,27
Tiago Manuel Dias Correia,Rayo Vallecano,91.97,7.0,4.08,6.06,7.0,7.0,7.76,1,1.0,6.48,11,4
Henrik Pedersen,Bolton Wanderers,84.0,7.0,4.24,5.59,7.0,7.0,8.05,1,0.9,6.48,2,44
Serge Gakpé,Genoa,466.88,7.0,5.3,5.12,7.0,7.0,7.39,12,5.2,6.47,12,27
Wayne Mark Rooney,Everton,125.92,7.0,4.81,5.24,7.0,7.0,7.7,2,1.4,6.46,2,44
Juan Antonio Iglesias Sánchez,Getafe,91.98,7.0,4.28,5.6,7.0,7.0,7.89,1,1.0,6.46,11,90
Fredy Alejandro Guarín Vásquez,Inter Milan,101.92,7.0,4.47,5.44,7.0,7.0,7.84,2,1.1,6.46,12,27
Luca Paganini,Frosinone,534.92,7.0,4.75,5.3,7.0,7.0,7.65,7,5.9,6.45,12,27
Jasir Asani,Albania,146.0,7.0,5.45,4.96,7.0,7.0,7.3,2,1.6,6.45,55,282
Brajan Gruda,FSV Mainz 05,72.0,7.0,4.08,5.6,7.0,7.0,8.03,1,0.8,6.45,9,281
Nathan Ngoumou Minpole,Borussia Mönchengladbach,66.0,7.0,4.18,5.41,7.0,7.0,8.1,1,0.7,6.45,9,281
Rafael Rogério da Silva,Toulouse,87.0,7.0,4.22,5.45,7.0,7.0,8.05,1,1.0,6.45,7,235
Massimiliano Carlini,Frosinone,156.68,7.0,4.93,5.05,7.0,7.0,7.73,4,1.7,6.45,12,27
Wilson Odobert,Troyes,80.0,7.0,4.11,5.41,7.0,7.0,8.11,1,0.9,6.44,7,235
Alexander Isak,Real Sociedad,109.98,7.0,4.89,4.82,7.0,7.0,7.92,2,1.2,6.44,11,90
José Antonio Rodríguez Díaz,Granada,111.97,7.0,4.75,5.15,7.0,7.0,7.72,2,1.2,6.44,11,42
Senad Lulić,Lazio,286.95,7.0,4.55,5.5,7.0,7.0,7.62,4,3.2,6.44,12,27
Oliver Kragl,Frosinone,436.9,7.0,4.55,5.53,7.0,7.0,7.48,7,4.9,6.43,12,27
Sergio Gómez Martín,Huesca,71.0,7.0,4.0,5.58,7.0,7.0,7.99,1,0.8,6.43,11,90
Robin Quaison,Palermo,566.68,7.0,5.06,4.98,7.0,7.0,7.53,11,6.3,6.43,12,27
Boulaye Dia,Senegal,250.93,7.0,5.94,4.55,7.0,7.0,7.0,3,2.8,6.42,43,106
Yunus Akgün,Turkey,68.0,7.0,4.28,4.99,7.0,7.0,8.22,1,0.8,6.42,55,282
Dango Aboubacar Faissal Ouattara,Lorient,89.98,7.0,4.13,6.1,7.0,7.0,7.26,1,1.0,6.42,7,108
Boško Janković,Hellas Verona,712.93,7.0,5.01,5.48,7.0,7.0,7.0,11,7.9,6.42,12,27
Luca Rizzo,Bologna,978.83,7.0,4.78,5.25,7.0,7.0,7.44,16,10.9,6.41,12,27
Lorenzo Pasciuti,Carpi,269.97,7.0,4.1,5.37,7.0,7.0,7.98,3,3.0,6.41,12,27
Karl Brillant Toko Ekambi,Cameroon,137.0,7.0,5.44,5.0,7.0,7.0,7.0,2,1.5,6.41,43,106
Andrea Belotti,Torino,395.87,7.0,4.91,5.01,7.0,7.0,7.54,5,4.4,6.41,12,27
Federico Chiesa,Italy,227.98,7.0,4.87,4.92,7.0,7.0,7.64,3,2.5,6.41,55,282
Jordan Ayew,Ghana,126.0,7.0,5.31,5.05,7.0,7.0,7.06,2,1.4,6.4,43,106
Daichi Kamada,Japan,324.9,7.0,4.66,4.91,7.0,7.0,7.82,4,3.6,6.4,43,106
Dries Mertens,Napoli,1072.0,7.0,5.04,5.3,7.0,7.0,7.04,32,11.9,6.4,12,27
Paul-José M''Poku Ebunge,Chievo,221.93,7.0,4.7,5.03,7.0,7.0,7.65,5,2.5,6.4,12,27
Víctor Sánchez Mata,Espanyol,94.98,7.0,4.17,5.27,7.0,7.0,7.96,1,1.1,6.4,11,4
Jack Grealish,England,97.88,7.0,5.65,4.66,7.0,7.0,7.0,4,1.1,6.39,43,106
Lucas Nahuel Castro,Chievo,280.95,7.0,4.05,5.34,7.0,7.0,7.98,3,3.1,6.39,12,27
Edimilson Fernandes,Switzerland,68.92,7.0,5.73,4.61,7.0,7.0,7.0,2,0.8,6.39,43,106
Christoph Baumgartner,Austria,177.98,7.0,4.14,5.22,7.0,7.0,8.01,2,2.0,6.39,55,282
Aleksandr Golovin,AS Monaco,91.98,7.0,4.32,5.14,7.0,7.0,7.91,1,1.0,6.39,7,108
Khéphren Thuram-Ulien,OGC Nice,91.98,7.0,4.12,5.16,7.0,7.0,8.04,1,1.0,6.39,7,235
Luca Siligardi,Hellas Verona,593.78,7.0,4.77,5.11,7.0,7.0,7.44,12,6.6,6.39,12,27
Federico Dionisi,Frosinone,903.92,7.0,4.57,5.09,7.0,7.0,7.69,11,10.0,6.39,12,27
Marco D''Alessandro,Atalanta,1091.0,7.0,4.65,5.29,7.0,7.0,7.37,19,12.1,6.39,12,27
Matteo Politano,Sassuolo,959.98,7.0,4.81,5.22,7.0,7.0,7.29,25,10.7,6.39,12,27
Enzo Le Fée,Lorient,92.98,7.0,4.14,5.4,7.0,7.0,7.71,1,1.0,6.38,7,108
Marco Reus,Borussia Dortmund,110.95,7.0,4.76,5.1,7.0,7.0,7.44,2,1.2,6.38,9,281
Adnan Januzaj,Real Sociedad,84.95,7.0,5.09,5.21,7.0,7.0,7.0,2,0.9,6.38,11,90
Aleksandar Tonev,Frosinone,668.87,7.0,4.7,5.26,7.0,7.0,7.35,10,7.4,6.38,12,27
Fabian Rieder,Switzerland,72.97,7.0,4.62,5.04,7.0,7.0,7.63,2,0.8,6.38,43,106
Stan Lazaridis,Birmingham City,79.0,7.0,4.15,5.27,7.0,7.0,7.87,1,0.9,6.38,2,44
Pere Milla Peña,Elche,71.0,7.0,4.0,5.01,7.0,7.0,8.23,1,0.8,6.37,11,90
Alex Sandro Lobo Silva,Juventus,92.98,7.0,4.13,5.46,7.0,7.0,7.6,1,1.0,6.37,12,27
Naïm Sliti,Tunisia,123.92,7.0,4.77,5.11,7.0,7.0,7.31,2,1.4,6.37,43,106
Marcelo Brozović,Inter Milan,466.92,7.0,4.05,5.28,7.0,7.0,7.91,5,5.2,6.37,12,27
Brandon Aguilera Zamora,Costa Rica,76.95,7.0,5.25,5.0,7.0,7.0,7.0,2,0.9,6.37,43,106
Kingsley Coman,France,129.82,7.0,5.64,4.55,7.0,7.0,7.0,5,1.4,6.37,43,106
Alessandro Florenzi,AS Roma,579.87,7.0,4.27,5.63,7.0,7.0,7.33,7,6.4,6.37,12,27
Urby Emanuelson,Hellas Verona,93.97,7.0,4.1,5.42,7.0,7.0,7.71,1,1.0,6.37,12,27
Danilo Soddimo,Frosinone,714.35,7.0,4.38,5.23,7.0,7.0,7.58,11,7.9,6.36,12,27
Hakim Ziyech,Morocco,560.93,7.0,4.05,5.32,7.0,7.0,7.79,6,6.2,6.36,43,106
Gabriel Teodoro Martinelli Silva,Brazil,129.87,7.0,4.81,5.34,7.0,7.0,7.0,3,1.4,6.36,43,106
Pierre Lees Melou,Stade Brestois,70.0,7.0,4.14,5.13,7.0,7.0,7.87,1,0.8,6.36,7,235
Cristiano Ronaldo dos Santos Aveiro,Manchester United,90.98,7.0,4.0,5.16,7.0,7.0,8.03,1,1.0,6.36,2,44
Leroy Sané,Germany,213.93,7.0,5.35,4.68,7.0,7.0,7.11,5,2.4,6.36,55,282
Konrad Laimer,Austria,183.97,7.0,4.06,4.98,7.0,7.0,8.1,2,2.0,6.36,55,282
Ernesto Alexis Vega Rojas,Mexico,131.0,7.0,5.1,5.06,7.0,7.0,7.0,2,1.5,6.36,43,106
Junya Ito,Japan,336.88,7.0,4.36,5.53,7.0,7.0,7.3,4,3.7,6.36,43,106
Ritsu Doan,Japan,221.97,7.0,5.01,4.98,7.0,7.0,7.16,4,2.5,6.36,43,106
Pedro González López,Barcelona,239.8,7.0,4.73,4.88,7.0,7.0,7.5,5,2.7,6.35,11,90
Jan-Niklas Beste,FC Heidenheim,81.0,7.0,4.09,5.1,7.0,7.0,7.93,1,0.9,6.35,9,281
Mattia Zaccagni,Italy,75.93,7.0,5.29,4.78,7.0,7.0,7.0,2,0.8,6.35,55,282
Jodel Dossou,Clermont Foot,65.0,7.0,4.13,5.19,7.0,7.0,7.78,1,0.7,6.35,7,108
Geoffrey Kondogbia,Inter Milan,79.0,7.0,4.09,4.96,7.0,7.0,8.03,1,0.9,6.35,12,27
Ansgar Knauff,Eintracht Frankfurt,92.98,7.0,4.0,5.18,7.0,7.0,7.93,1,1.0,6.35,9,281
Franck Honorat,Stade Brestois,94.98,7.0,4.06,4.84,7.0,7.0,8.22,1,1.1,6.35,7,235
Dávid Ivan,Sampdoria,298.93,7.0,4.67,4.81,7.0,7.0,7.64,6,3.3,6.35,12,27
Javier Ontiveros Parra,Huesca,90.98,7.0,4.0,5.21,7.0,7.0,7.81,1,1.0,6.34,11,90
Jonathan Rodríguez Menéndez,Deportivo Alavés,80.0,7.0,4.1,5.91,7.0,7.0,7.0,1,0.9,6.34,11,4
Anthony Mounier,Bologna,1705.83,7.0,4.37,5.08,7.0,7.0,7.56,25,19.0,6.34,12,27
Jude Bellingham,England,87.0,7.0,4.12,4.97,7.0,7.0,7.96,1,1.0,6.34,55,282
Rémy Cabella,Lille,87.0,7.0,4.1,4.91,7.0,7.0,8.04,1,1.0,6.34,7,235
Juan Guillermo Cuadrado Bello,Juventus,286.9,7.0,4.28,5.1,7.0,7.0,7.65,5,3.2,6.34,12,27
Diogo José Teixeira da Silva,Portugal,47.98,7.0,4.16,5.85,7.0,7.0,7.0,1,0.5,6.34,55,282
Francisco António Machado Mota de Castro Trincão,Barcelona,483.23,7.0,5.33,4.7,7.0,7.0,7.0,15,5.4,6.34,11,90
Stephen Clemence,Birmingham City,91.97,7.0,4.13,4.95,7.0,7.0,7.96,1,1.0,6.34,2,44
Amine Gouiri,Rennes,108.95,7.0,4.58,4.64,7.0,7.0,7.82,2,1.2,6.34,7,235
Luca Rigoni,Palermo,93.98,7.0,4.22,4.75,7.0,7.0,8.08,2,1.0,6.34,12,27
Jules Olivier Ntcham,Genoa,329.93,7.0,4.13,5.14,7.0,7.0,7.75,4,3.7,6.34,12,27
Ricardo Kishna,Lazio,560.75,7.0,4.68,5.1,7.0,7.0,7.26,10,6.2,6.34,12,27
Jakub Błaszczykowski,Fiorentina,160.9,7.0,5.33,4.7,7.0,7.0,7.0,5,1.8,6.34,12,27
Donyell Malen,Netherlands,197.93,7.0,4.82,5.19,7.0,7.0,7.0,4,2.2,6.34,55,282
Mathias Autret,Auxerre,64.0,7.0,4.18,4.87,7.0,7.0,7.99,1,0.7,6.34,7,235
Darwin Daniel Machís Marcano,Granada,147.97,7.0,4.0,5.52,7.0,7.0,7.48,2,1.6,6.33,11,42
Krépin Diatta,Senegal,180.0,7.0,4.81,5.08,7.0,7.0,7.08,3,2.0,6.33,43,106
Marcus Coco,Nantes,76.0,7.0,4.12,5.14,7.0,7.0,7.75,1,0.8,6.33,7,108
Fabio Quagliarella,Torino,79.0,7.0,4.0,5.21,7.0,7.0,7.78,1,0.9,6.33,12,27
Édgar Osvaldo Barreto Cáceres,Sampdoria,185.97,7.0,4.0,5.04,7.0,7.0,7.93,2,2.1,6.33,12,27
Thorgan Hazard,Belgium,104.97,7.0,5.05,4.9,7.0,7.0,7.02,2,1.2,6.33,43,106
Oscar Hiljemark,Palermo,238.97,7.0,4.12,5.23,7.0,7.0,7.62,3,2.7,6.33,12,27
Álvaro Borja Morata Martín,Juventus,85.0,7.0,4.74,4.7,7.0,7.0,7.52,2,0.9,6.33,12,27
Yacine Adli,Bordeaux,80.0,7.0,4.14,5.24,7.0,7.0,7.58,1,0.9,6.33,7,108
Randal Kolo Muani,France,100.93,7.0,4.47,4.96,7.0,7.0,7.57,2,1.1,6.33,43,106
Marc Cucurella Saseta,Eibar,61.0,7.0,4.0,4.71,7.0,7.0,8.29,1,0.7,6.33,11,4
Franco Damián Vázquez,Palermo,929.85,7.0,4.07,5.39,7.0,7.0,7.5,10,10.3,6.33,12,27
Felipe Anderson Pereira Gomes,Lazio,1759.33,7.0,4.18,5.35,7.0,7.0,7.43,29,19.5,6.33,12,27
Diego Sebastián Laxalt Suárez,Genoa,753.82,7.0,4.23,5.2,7.0,7.0,7.54,9,8.4,6.33,12,27
Mathew Leckie,Australia,159.0,7.0,4.04,5.05,7.0,7.0,7.88,2,1.8,6.33,43,106
Óscar Rodríguez Arnaiz,Leganés,158.0,7.0,4.05,4.99,7.0,7.0,7.97,2,1.8,6.33,11,4
Pape Matar Sarr,Metz,92.98,7.0,4.0,5.41,7.0,7.0,7.55,1,1.0,6.33,7,108
Ryan Giggs,Manchester United,90.98,7.0,4.06,5.17,7.0,7.0,7.72,1,1.0,6.32,2,44
Lukáš Haraslín,Slovakia,259.0,7.0,4.86,5.03,7.0,7.0,7.0,4,2.9,6.32,55,282
Carlos Joaquín Correa,Sampdoria,433.85,7.0,4.46,5.19,7.0,7.0,7.28,8,4.8,6.32,12,27
Fares Chaïbi,Toulouse,118.98,7.0,4.0,5.24,7.0,7.0,7.67,2,1.3,6.32,7,235
Stylianos Giannakopoulos,Bolton Wanderers,90.98,7.0,4.07,4.99,7.0,7.0,7.86,1,1.0,6.32,2,44
Robert Pirès,Arsenal,110.98,7.0,4.0,5.34,7.0,7.0,7.56,2,1.2,6.32,2,44
Mickaël Barreto,AC Ajaccio,82.0,7.0,4.0,4.84,7.0,7.0,8.1,1,0.9,6.32,7,235
Jeremie Frimpong,Bayer Leverkusen,287.97,7.0,4.4,5.08,7.0,7.0,7.42,4,3.2,6.32,9,281
Mauro Matías Zárate,Fiorentina,316.87,7.0,5.0,4.87,7.0,7.0,7.05,6,3.5,6.32,12,27
Denis Bouanga,Saint-Étienne,164.97,7.0,4.06,5.2,7.0,7.0,7.68,2,1.8,6.32,7,108
Álvaro García Rivera,Rayo Vallecano,77.0,7.0,4.12,5.08,7.0,7.0,7.7,1,0.9,6.32,11,4
Hernán Arsenio Pérez González,Espanyol,58.0,7.0,4.11,5.27,7.0,7.0,7.53,1,0.6,6.32,11,4
Lamine Yamal Nasraoui Ebana,Spain,509.7,7.0,4.64,4.97,7.0,7.0,7.3,7,5.7,6.32,55,282
Ángel Martín Correa,Atlético Madrid,72.0,7.0,4.21,5.11,7.0,7.0,7.6,1,0.8,6.32,11,90
Valter Birsa,Chievo,201.0,7.0,4.24,5.08,7.0,7.0,7.62,3,2.2,6.32,12,27
Mislav Oršić,Croatia,169.35,7.0,4.57,4.98,7.0,7.0,7.39,5,1.9,6.32,43,106
Filippo Falco,Bologna,184.85,7.0,4.81,5.03,7.0,7.0,7.0,5,2.1,6.31,12,27
Sofiane Diop,OGC Nice,92.98,7.0,4.04,4.85,7.0,7.0,7.96,1,1.0,6.31,7,235
Jonathan Ludovic Biabiany,Inter Milan,400.83,7.0,4.42,5.08,7.0,7.0,7.35,9,4.5,6.31,12,27
Marco Crimi,Carpi,94.97,7.0,4.0,4.99,7.0,7.0,7.87,1,1.1,6.31,12,27
Keysher Fuller Spence,Costa Rica,162.93,7.0,4.05,5.39,7.0,7.0,7.43,2,1.8,6.31,43,106
Amine Harit,Marseille,50.98,7.0,4.0,4.84,7.0,7.0,8.01,1,0.6,6.31,7,108
Diego Perotti,Genoa,945.87,7.0,4.11,5.21,7.0,7.0,7.52,20,10.5,6.31,12,27
Antonio Floro Flores,Sassuolo,606.87,7.0,4.56,5.3,7.0,7.0,7.0,14,6.7,6.31,12,27
Rodrigo Sebastián Palacio,Inter Milan,565.87,7.0,4.48,5.04,7.0,7.0,7.33,9,6.3,6.31,12,27
Jacopo Sala,Hellas Verona,236.98,7.0,4.0,4.86,7.0,7.0,7.98,3,2.6,6.31,12,27
Gonzalo Jordy Plata Jiménez,Ecuador,188.97,7.0,4.03,5.09,7.0,7.0,7.75,2,2.1,6.31,43,106
Ivan Perišić,Inter Milan,1574.62,7.0,4.17,5.17,7.0,7.0,7.43,20,17.5,6.3,12,27
Federico Bernardeschi,Fiorentina,998.8,7.0,4.23,5.15,7.0,7.0,7.41,14,11.1,6.3,12,27
Álvaro Vadillo Cifuentes,Granada,94.98,7.0,4.95,4.88,7.0,7.0,7.0,2,1.1,6.3,11,42
Joseph Alfred Duncan,Sassuolo,93.98,7.0,4.05,5.39,7.0,7.0,7.39,1,1.0,6.3,12,27
Ander Barrenetxea Muguruza,Real Sociedad,57.0,7.0,4.16,5.09,7.0,7.0,7.56,1,0.6,6.3,11,42
Renaud Ripart,Troyes,93.98,7.0,4.0,5.05,7.0,7.0,7.76,1,1.0,6.3,7,108
Sergio Floccari,Bologna,195.88,7.0,4.8,4.71,7.0,7.0,7.31,5,2.2,6.3,12,27
Aleksandar Trajkovski,Palermo,744.8,7.0,4.33,4.9,7.0,7.0,7.56,11,8.3,6.3,12,27
Azzedine Ounahi,Morocco,94.98,7.0,4.21,5.61,7.0,7.0,7.0,1,1.1,6.3,43,106
Saîf-Eddine Khaoui,Clermont Foot,63.0,7.0,4.0,4.78,7.0,7.0,8.02,1,0.7,6.3,7,108
Juan Camilo Zúñiga Mosquera,Bologna,183.8,7.0,5.0,4.77,7.0,7.0,7.0,4,2.0,6.3,12,27
Khvicha Kvaratskhelia,Georgia,176.98,7.0,4.19,5.59,7.0,7.0,7.0,2,2.0,6.3,55,282
Eric Junior Dina Ebimbe,Eintracht Frankfurt,71.0,7.0,4.0,4.95,7.0,7.0,7.85,1,0.8,6.3,9,281
Mario Pašalić,Croatia,247.88,7.0,4.88,4.89,7.0,7.0,7.0,5,2.8,6.3,43,106
Lassine Sinayoko,Auxerre,139.0,7.0,4.08,4.97,7.0,7.0,7.74,2,1.5,6.3,7,235
Lazaros Christodoulopoulos,Sampdoria,39.93,7.0,4.82,5.0,7.0,7.0,7.0,2,0.4,6.3,12,27
Xavier Chavalerin,Troyes,91.97,7.0,4.06,4.79,7.0,7.0,7.96,1,1.0,6.3,7,108
Ehsan Hajsafi,Iran,99.98,7.0,4.09,5.73,7.0,7.0,7.0,1,1.1,6.3,43,106
Stefano Mauri,Lazio,220.77,7.0,4.53,4.97,7.0,7.0,7.28,5,2.5,6.3,12,27
Ronald Alberto Matarrita Ulate,Costa Rica,25.97,7.0,4.0,5.81,7.0,7.0,7.0,1,0.3,6.3,43,106
Cengiz Ünder,Marseille,120.0,7.0,5.08,4.75,7.0,7.0,7.0,2,1.3,6.3,7,108
Gregoire Defrel,Sassuolo,477.63,7.0,4.38,4.72,7.0,7.0,7.68,8,5.3,6.3,12,27
Sofiane Boufal,Morocco,405.0,7.0,4.09,5.44,7.0,7.0,7.19,6,4.5,6.29,43,106
Keisuke Honda,AC Milan,224.85,7.0,4.58,4.74,7.0,7.0,7.42,6,2.5,6.29,12,27
Marcus Rashford,England,161.48,7.0,5.11,4.62,7.0,7.0,7.0,5,1.8,6.29,43,106
Ricardo Jorge Luz Horta,Portugal,132.9,7.0,4.89,4.83,7.0,7.0,7.0,3,1.5,6.29,43,106
Anssumane Fati,Barcelona,761.53,7.0,4.82,4.75,7.0,7.0,7.18,17,8.5,6.29,11,42
Samuel Chimerenka Chukwueze,Villarreal,185.95,7.0,4.04,5.33,7.0,7.0,7.37,2,2.1,6.29,11,42
Sacha Delaye,Montpellier,72.0,7.0,4.0,5.0,7.0,7.0,7.74,1,0.8,6.29,7,108
Kamaldeen Sulemana,Ghana,72.97,7.0,4.9,4.86,7.0,7.0,7.0,2,0.8,6.29,43,106
Diego Ángel Capel Trinidad,Genoa,492.83,7.0,4.85,4.87,7.0,7.0,7.0,12,5.5,6.29,12,27
Idrissa Gana Gueye,Senegal,95.98,7.0,4.0,4.78,7.0,7.0,7.94,1,1.1,6.29,43,106
Lucas Ariel Ocampos,Sevilla,174.98,7.0,4.09,5.31,7.0,7.0,7.26,2,1.9,6.28,11,42
Alejandro Darío Gómez,Atalanta,2582.67,7.0,4.14,5.29,7.0,7.0,7.27,31,28.7,6.28,12,27
Domenico Berardi,Sassuolo,2175.85,7.0,4.1,5.17,7.0,7.0,7.38,28,24.2,6.28,12,27
Janik Haberer,Union Berlin,91.98,7.0,4.0,4.56,7.0,7.0,8.12,1,1.0,6.28,9,281
Benjamin Bourigeaud,Rennes,79.0,7.0,4.24,4.75,7.0,7.0,7.66,1,0.9,6.28,7,108
Hugo Ekitike,Paris Saint-Germain,30.97,7.0,5.07,4.64,7.0,7.0,7.0,2,0.3,6.28,7,235
Munir El Haddadi Mohamed,Sevilla,103.98,7.0,4.13,5.03,7.0,7.0,7.51,2,1.2,6.28,11,42
Pol Mikel Lirola Kosok,Marseille,92.98,7.0,4.1,4.71,7.0,7.0,7.88,1,1.0,6.28,7,108
Keita Baldé Diao,Lazio,1583.45,7.0,4.52,5.09,7.0,7.0,7.08,26,17.6,6.28,12,27
Zuriko Davitashvili,Georgia,83.98,7.0,4.82,4.87,7.0,7.0,7.0,2,0.9,6.28,55,282
Kenan Yildiz,Turkey,340.97,7.0,4.94,4.67,7.0,7.0,6.98,5,3.8,6.27,55,282
Florian Sotoca,Lens,119.98,7.0,4.05,4.85,7.0,7.0,7.71,2,1.3,6.27,7,108
Florian Kainz,FC Köln,91.97,7.0,4.08,4.96,7.0,7.0,7.59,1,1.0,6.27,9,281
Sergio Canales Madrazo,Real Betis,85.0,7.0,4.17,5.45,7.0,7.0,7.0,1,0.9,6.27,11,90
Johan Bakayoko,Belgium,55.93,7.0,4.99,4.63,7.0,7.0,7.0,2,0.6,6.27,55,282
Borja Valero Iglesias,Fiorentina,783.87,7.0,4.08,5.03,7.0,7.0,7.51,10,8.7,6.27,12,27
Sang-Ho Na,South Korea,128.98,7.0,4.19,4.86,7.0,7.0,7.59,2,1.4,6.27,43,106
Gauthier Hein,Auxerre,84.0,7.0,4.0,5.07,7.0,7.0,7.56,1,0.9,6.27,7,235
Yuri Berchiche Izeta,Athletic Club,89.98,7.0,4.08,5.03,7.0,7.0,7.52,1,1.0,6.27,11,4
Farid Boulaya,Metz,68.0,7.0,4.15,5.5,7.0,7.0,7.0,1,0.8,6.27,7,108
Jae-Sung Lee,FSV Mainz 05,68.0,7.0,4.0,4.85,7.0,7.0,7.79,1,0.8,6.27,9,281
Franco Brienza,Bologna,780.63,7.0,4.31,5.28,7.0,7.0,7.05,13,8.7,6.27,12,27
Mohammed Kudus,Ghana,179.98,7.0,4.0,5.1,7.0,7.0,7.51,2,2.0,6.27,43,106
Saphir Sliti Taïder,Bologna,79.0,7.0,4.07,4.69,7.0,7.0,7.86,1,0.9,6.27,12,27
Tomasz Radziński,Everton,179.97,7.0,4.09,4.87,7.0,7.0,7.65,2,2.0,6.27,2,44
Maximiliano Nicol Moralez,Atalanta,1389.82,7.0,4.11,4.84,7.0,7.0,7.68,17,15.4,6.27,12,27
Gervais Lombe Yao Kouassi,AS Roma,898.9,7.0,4.45,4.96,7.0,7.0,7.19,12,10.0,6.26,12,27
Alessandro Diamanti,Atalanta,428.8,7.0,4.11,5.46,7.0,7.0,7.01,7,4.8,6.26,12,27
Salem Mohammed Al Dawsari,Saudi Arabia,193.97,7.0,4.17,5.04,7.0,7.0,7.35,2,2.2,6.26,43,106
Junichi Inamoto,Fulham,91.98,7.0,4.0,4.9,7.0,7.0,7.64,1,1.0,6.26,2,44
Eder Citadin Martins,Sampdoria,1112.83,7.0,4.23,5.01,7.0,7.0,7.33,20,12.4,6.26,12,27
Ismaïla Sarr,Senegal,362.92,7.0,4.18,5.16,7.0,7.0,7.22,4,4.0,6.26,43,106
Luis Fernando Muriel Fruto,Sampdoria,215.93,7.0,4.83,4.75,7.0,7.0,7.0,4,2.4,6.26,12,27
Leandro Trossard,Belgium,167.97,7.0,4.73,4.7,7.0,7.0,7.1,3,1.9,6.26,55,282
Ivan Schranz,Slovakia,325.97,7.0,4.08,4.91,7.0,7.0,7.59,4,3.6,6.26,55,282
Giovani Lo Celso,Real Betis,84.0,7.0,4.23,5.36,7.0,7.0,7.0,1,0.9,6.26,11,4
Ruben Vargas,Switzerland,219.0,7.0,4.19,5.13,7.0,7.0,7.27,3,2.4,6.26,43,106
Mykhailo Mudryk,Ukraine,93.98,7.0,4.13,5.46,7.0,7.0,7.0,1,1.0,6.26,55,282
Matúš Bero,Bochum,86.0,7.0,4.0,4.7,7.0,7.0,7.87,1,1.0,6.26,9,281
Simone Pepe,Chievo,102.97,7.0,4.51,5.0,7.0,7.0,7.0,2,1.1,6.25,12,27
Yunus Dimoara Musah,United States,97.98,7.0,4.05,5.04,7.0,7.0,7.4,1,1.1,6.25,43,106
Guido Rodríguez,Real Betis,90.97,7.0,4.0,4.89,7.0,7.0,7.63,1,1.0,6.25,11,90
Brais Méndez Portela,Celta Vigo,91.98,7.0,4.06,4.99,7.0,7.0,7.48,1,1.0,6.25,11,4
Carlos Mario Carbonero Mancilla,Sampdoria,890.87,7.0,4.04,4.81,7.0,7.0,7.64,10,9.9,6.25,12,27
Dimitri Payet,Marseille,93.98,7.0,4.16,5.35,7.0,7.0,7.0,1,1.0,6.25,7,108
Erick Antonio Pulgar Farfán,Bologna,91.98,7.0,4.0,4.96,7.0,7.0,7.51,1,1.0,6.25,12,27
Paweł Wszołek,Hellas Verona,641.9,7.0,4.14,5.15,7.0,7.0,7.2,10,7.1,6.25,12,27
Lucas Höler,Freiburg,75.0,7.0,4.17,5.34,7.0,7.0,7.0,1,0.8,6.25,9,281
Alessio Cerci,AC Milan,540.85,7.0,4.22,5.08,7.0,7.0,7.22,14,6.0,6.25,12,27
Nicola Sansone,Sassuolo,2496.53,7.0,4.28,4.92,7.0,7.0,7.33,35,27.7,6.25,12,27
Christopher Antwi-Adjej,Bochum,62.0,7.0,4.25,5.25,7.0,7.0,7.0,1,0.7,6.25,9,281
Maximilian Wittek,Bochum,93.98,7.0,4.0,5.51,7.0,7.0,7.0,1,1.0,6.25,9,281
Jesper Lindstrøm,Denmark,207.95,7.0,4.45,4.77,7.0,7.0,7.28,3,2.3,6.25,43,106
Kevin Spadanuda,AC Ajaccio,61.0,7.0,4.0,4.52,7.0,7.0,8.0,1,0.7,6.25,7,235
Przemysław Frankowski,Lens,92.98,7.0,4.0,4.52,7.0,7.0,7.99,1,1.0,6.25,7,108
Christian Pulisic,United States,240.97,7.0,4.19,5.27,7.0,7.0,7.0,3,2.7,6.24,43,106
Juan Miguel Jiménez López,Real Sociedad,85.0,7.0,4.0,4.62,7.0,7.0,7.82,1,0.9,6.24,11,4
Tomás Eduardo Rincón Hernández,Genoa,90.98,7.0,4.04,5.42,7.0,7.0,7.0,1,1.0,6.24,12,27
Yvann Macon,Saint-Étienne,85.0,7.0,4.0,4.89,7.0,7.0,7.56,1,0.9,6.24,7,108
Julian Draxler,Paris Saint-Germain,106.85,7.0,4.57,4.86,7.0,7.0,7.0,5,1.2,6.24,7,108
Barış Alper Yılmaz,Turkey,377.93,7.0,4.11,4.98,7.0,7.0,7.35,4,4.2,6.24,55,282
Martin Terrier,Rennes,85.0,7.0,4.0,4.71,7.0,7.0,7.71,1,0.9,6.24,7,108
David Pereira da Costa,Lens,151.0,7.0,4.23,4.93,7.0,7.0,7.27,2,1.7,6.24,7,108
Iliman Ndiaye,Senegal,94.98,7.0,4.66,4.64,7.0,7.0,7.11,2,1.1,6.24,43,106
Roberto Maximiliano Pereyra,Juventus,162.97,7.0,4.21,4.89,7.0,7.0,7.36,2,1.8,6.24,12,27
Kevin De Bruyne,Belgium,184.97,7.0,4.11,5.3,7.0,7.0,7.0,2,2.1,6.24,43,106
Steven Berghuis,Netherlands,74.98,7.0,4.12,5.3,7.0,7.0,7.0,1,0.8,6.24,43,106
M''Baye Babacar Niang,AC Milan,235.0,7.0,4.06,5.23,7.0,7.0,7.14,3,2.6,6.24,12,27
José Antonio Reyes Calderón,Arsenal,78.0,7.0,4.0,5.45,7.0,7.0,7.0,1,0.9,6.24,2,44
Arda Güler,Turkey,172.98,7.0,4.14,4.71,7.0,7.0,7.57,2,1.9,6.24,55,282
Ricardo Gabriel Álvarez,Sampdoria,251.95,7.0,4.1,5.04,7.0,7.0,7.33,4,2.8,6.24,12,27
Emanuele Giaccherini,Bologna,1945.73,7.0,4.09,5.03,7.0,7.0,7.29,24,21.6,6.24,12,27
Dušan Tadić,Serbia,49.97,7.0,4.17,5.25,7.0,7.0,7.0,1,0.6,6.24,55,282
Ángel Fabián Di María Hernández,Paris Saint-Germain,1285.67,7.0,4.22,4.94,7.0,7.0,7.27,19,14.3,6.24,7,108
Jesús Joaquín Fernández Sáez de la Torre,Genoa,703.85,7.0,4.27,5.1,7.0,7.0,7.08,12,7.8,6.24,12,27
Lionel Andrés Messi Cuccittini,Barcelona,2165.57,6.94,4.14,5.27,7.0,7.0,7.11,26,24.1,6.24,11,4
Stephan El Shaarawy,AS Roma,990.9,7.0,4.18,4.93,7.0,7.0,7.32,13,11.0,6.24,12,27
Adem Ljajić,Inter Milan,888.7,7.0,4.25,4.91,7.0,7.0,7.28,15,9.9,6.24,12,27
Juan Ignacio Gómez Taleb,Hellas Verona,919.85,7.0,4.29,4.74,7.0,7.0,7.34,12,10.2,6.23,12,27
Florian Wirtz,Bayer Leverkusen,553.83,7.0,4.12,5.02,7.0,7.0,7.24,7,6.2,6.23,9,281
Giacomo Bonaventura,AC Milan,554.9,7.0,4.13,5.24,7.0,7.0,7.0,6,6.2,6.23,12,27
Pione Sisto Ifolo Emirmija,Celta Vigo,17.87,7.0,4.36,4.99,7.0,7.0,7.0,1,0.2,6.23,11,4
Heung-Min Son,South Korea,291.93,7.0,4.14,5.23,7.0,7.0,7.0,3,3.2,6.23,43,106
Cyril Théréau,Udinese,312.98,7.0,4.07,4.9,7.0,7.0,7.39,4,3.5,6.23,12,27
Neymar da Silva Santos Junior,Paris Saint-Germain,1526.85,7.0,4.11,4.9,7.0,7.0,7.39,18,17.0,6.23,7,108
Lorenzo Pellegrini,Italy,154.0,7.0,4.08,4.95,7.0,7.0,7.32,2,1.7,6.23,55,282
Evann Guessand,Nantes,65.0,7.0,4.0,5.38,7.0,7.0,7.0,1,0.7,6.23,7,235
Romano Schmid,Austria,134.98,7.0,4.13,4.75,7.0,7.0,7.49,2,1.5,6.23,55,282
Manuel Pucciarelli,Empoli,277.93,7.0,4.12,4.73,7.0,7.0,7.55,3,3.1,6.23,12,27
Raúl García Escudero,Athletic Club,86.0,7.0,4.0,5.37,7.0,7.0,7.0,1,1.0,6.23,11,4
Jamal Musiala,Germany,423.97,7.0,4.08,5.0,7.0,7.0,7.29,5,4.7,6.23,55,282
Darko Lazović,Genoa,490.68,7.0,4.25,5.12,7.0,7.0,7.0,10,5.5,6.23,12,27
Ryder Matos Santos,Carpi,440.93,7.0,4.22,4.96,7.0,7.0,7.18,7,4.9,6.23,12,27
Nicholas Williams Arthuer,Spain,493.93,7.0,4.12,4.85,7.0,7.0,7.33,6,5.5,6.22,55,282
Jamie Leweling,VfB Stuttgart,90.98,7.0,4.08,5.23,7.0,7.0,7.0,1,1.0,6.22,9,281
Youssef Msakni,Tunisia,174.98,7.0,4.15,5.2,7.0,7.0,7.0,2,1.9,6.22,43,106
Vincenzo Grifo,Freiburg,60.0,7.0,4.24,5.11,7.0,7.0,7.0,1,0.7,6.22,9,281
Andrea Cambiaso,Italy,67.93,7.0,4.84,4.45,7.0,7.0,7.0,2,0.8,6.22,55,282
Riccardo Saponara,Empoli,92.98,7.0,4.2,4.96,7.0,7.0,7.16,1,1.0,6.22,12,27
Vicente Iborra De La Fuente,Villarreal,92.98,7.0,4.0,4.45,7.0,7.0,7.89,1,1.0,6.22,11,4
Marcos Javier Acuña,Argentina,59.98,7.0,4.17,5.15,7.0,7.0,7.0,1,0.7,6.22,43,106
Jasmin Kurtič,Atalanta,537.9,7.0,4.14,4.82,7.0,7.0,7.35,7,6.0,6.22,12,27
Cody Mathès Gakpo,Netherlands,542.92,7.0,4.21,4.97,7.0,7.0,7.11,6,6.0,6.22,55,282
Luka Sučić,Croatia,69.0,7.0,4.06,4.6,7.0,7.0,7.65,1,0.8,6.22,55,282
Bruno Miguel Borges Fernandes,Portugal,377.93,7.0,4.09,5.07,7.0,7.0,7.18,4,4.2,6.22,43,106
Filip Đorđević,Lazio,99.8,7.0,4.34,4.77,7.0,7.0,7.22,2,1.1,6.22,12,27
Nicolas Pépé,OGC Nice,122.95,7.0,4.14,4.39,7.0,7.0,7.8,2,1.4,6.22,7,235
Riley McGree,Australia,127.0,7.0,4.21,4.65,7.0,7.0,7.44,2,1.4,6.22,43,106
Iago Falqué Silva,AS Roma,673.6,7.0,4.28,4.86,7.0,7.0,7.1,12,7.5,6.21,12,27
Marcel Sabitzer,Austria,382.92,7.0,4.1,5.02,7.0,7.0,7.17,4,4.3,6.21,55,282
Íñigo Lekue Martínez,Athletic Club,68.0,7.0,4.27,4.97,7.0,7.0,7.0,1,0.8,6.21,11,42
Martin Braithwaite Christensen,Barcelona,441.78,7.0,4.68,4.59,7.0,7.0,7.0,8,4.9,6.21,11,90
Marco Borriello,Carpi,92.98,7.0,4.19,4.76,7.0,7.0,7.32,1,1.0,6.21,12,27
Jakub Kamiński,Poland,66.0,7.0,4.0,5.28,7.0,7.0,7.0,1,0.7,6.21,43,106
Alessandro Frara,Frosinone,94.97,7.0,4.07,5.21,7.0,7.0,7.0,1,1.1,6.21,12,27
Florent Muslija,Freiburg,31.95,7.0,4.24,5.05,7.0,7.0,7.0,1,0.4,6.21,9,281
Youssef En-Nesyri,Morocco,93.98,7.0,4.0,4.78,7.0,7.0,7.48,1,1.0,6.21,43,106
Mikkel Damsgaard,Denmark,123.98,7.0,4.08,5.0,7.0,7.0,7.16,2,1.4,6.21,43,106
Xavi Simons,Netherlands,298.97,7.0,4.14,5.0,7.0,7.0,7.14,4,3.3,6.21,55,282
Antonio Candreva,Lazio,1987.73,7.0,4.08,5.09,7.0,7.0,7.09,27,22.1,6.21,12,27
Lovro Majer,Croatia,138.98,7.0,4.08,4.66,7.0,7.0,7.45,2,1.5,6.2,55,282
Thierry Henry,Arsenal,184.97,7.0,4.12,5.06,7.0,7.0,7.0,2,2.1,6.2,2,44
Matías Ariel Fernández Fernández,Fiorentina,194.95,7.0,4.15,4.98,7.0,7.0,7.08,3,2.2,6.2,12,27
Adam Hložek,Bayer Leverkusen,128.7,7.0,5.04,4.42,7.0,7.0,6.74,4,1.4,6.2,9,281
Seko Fofana,Lens,91.98,7.0,4.17,5.04,7.0,7.0,7.0,1,1.0,6.2,7,108
João Mário Naval da Costa Eduardo,Portugal,87.97,7.0,4.27,4.92,7.0,7.0,7.0,2,1.0,6.2,43,106
Moisés Gómez Bordonado,Villarreal,86.0,7.0,4.05,5.03,7.0,7.0,7.1,1,1.0,6.2,11,90
Leandro Greco,Hellas Verona,93.98,7.0,4.0,4.98,7.0,7.0,7.19,1,1.0,6.2,12,27
Raphael Dias Belloli,Brazil,260.95,7.0,4.31,4.91,7.0,7.0,6.96,4,2.9,6.2,43,106
Stevan Jovetić,Inter Milan,325.97,7.0,4.07,4.84,7.0,7.0,7.28,4,3.6,6.2,12,27
Philippe Coutinho Correia,Barcelona,1495.7,7.0,4.25,4.76,7.0,7.0,7.2,24,16.6,6.2,11,4
Joel Nathaniel Campbell Samuels,Costa Rica,287.93,7.0,4.01,4.86,7.0,7.0,7.34,3,3.2,6.2,43,106
Cristian Tello Herrera,Fiorentina,890.88,7.0,4.11,4.92,7.0,7.0,7.14,12,9.9,6.2,12,27
Amine Adli,Bayer Leverkusen,137.93,7.0,4.61,4.73,7.0,7.0,6.88,4,1.5,6.2,9,281
Brett Ormerod,Southampton,92.98,7.0,4.24,4.98,7.0,7.0,7.0,1,1.0,6.2,2,44
Mohamed Salah,AS Roma,2229.8,7.0,4.2,4.81,7.0,7.0,7.16,28,24.8,6.19,12,27
Bryan Mbeumo,Cameroon,156.0,7.0,4.16,5.01,7.0,7.0,7.0,2,1.7,6.19,43,106
Dennis Bergkamp,Arsenal,90.98,7.0,4.07,5.09,7.0,7.0,7.0,1,1.0,6.19,2,44
Saša Lukić,Serbia,86.0,7.0,4.0,5.01,7.0,7.0,7.16,1,1.0,6.19,55,282
Alassane Pléa,Borussia Mönchengladbach,93.98,7.0,4.05,5.09,7.0,7.0,7.0,1,1.0,6.19,9,281
Alejandro Grimaldo García,Bayer Leverkusen,182.98,7.0,4.14,4.9,7.0,7.0,7.1,2,2.0,6.19,9,281
Firas Tariq Nasser Al Albirakan,Saudi Arabia,191.95,7.0,4.0,5.13,7.0,7.0,7.0,2,2.1,6.19,43,106
Ousmane Dembélé,Barcelona,1339.75,7.0,4.18,4.86,7.0,7.0,7.08,21,14.9,6.19,11,4
Mikel Merino Zazón,Spain,19.95,7.0,4.16,5.0,7.0,7.0,7.0,1,0.2,6.19,55,282
Lorenzo Insigne,Napoli,2370.87,7.0,4.11,4.9,7.0,7.0,7.12,34,26.3,6.19,12,27
Roque Mesa Quevedo,Sevilla,28.98,7.0,4.0,5.16,7.0,7.0,7.0,1,0.3,6.19,11,4
Pedro Lomba Neto,Portugal,49.98,7.0,4.0,5.16,7.0,7.0,7.0,1,0.6,6.19,55,282
Antoine Griezmann,Barcelona,1261.75,7.0,4.06,4.63,7.0,7.0,7.38,16,14.0,6.18,11,42
Kylian Mbappé Lottin,Paris Saint-Germain,721.88,7.0,4.11,4.85,7.0,7.0,7.13,8,8.0,6.18,7,108
José María Callejón Bueno,Napoli,2730.73,7.0,4.08,4.64,7.0,7.0,7.36,36,30.3,6.18,12,27
Xherdan Shaqiri,Switzerland,232.98,7.0,4.09,4.99,7.0,7.0,7.0,3,2.6,6.18,43,106
Gelson Dany Batalha Martins,AS Monaco,81.0,7.0,4.18,4.59,7.0,7.0,7.31,1,0.9,6.18,7,108
Santiago Cazorla González,Villarreal,54.0,7.0,4.1,4.98,7.0,7.0,7.0,1,0.6,6.18,11,42
Giovanni Reyna,United States,49.98,7.0,4.23,4.83,7.0,7.0,7.0,1,0.6,6.18,43,106
Gerson Torres Barrantes,Costa Rica,64.0,7.0,4.0,4.31,7.0,7.0,7.74,1,0.7,6.18,43,106
Emiliano Ariel Rigoni,Elche,57.0,7.0,4.1,4.98,7.0,7.0,7.0,1,0.6,6.18,11,90
Jeremy Doku,Belgium,229.0,7.0,4.18,4.92,7.0,7.0,7.0,3,2.5,6.18,55,282
Vinícius José Paixão de Oliveira Júnior,Brazil,237.98,7.0,4.23,4.83,7.0,7.0,7.0,3,2.6,6.18,43,106
Elbasan Rashani,Clermont Foot,80.0,7.0,4.1,4.95,7.0,7.0,7.0,1,0.9,6.18,7,235
Bernardo Mota Veiga de Carvalho e Silva,Portugal,219.95,7.0,4.09,4.73,7.0,7.0,7.23,2,2.4,6.18,55,282
Steven Bergwijn,Netherlands,88.0,7.0,4.0,5.01,7.0,7.0,7.0,2,1.0,6.17,55,282
Bukayo Saka,England,418.97,7.0,4.08,4.7,7.0,7.0,7.22,5,4.7,6.17,55,282
Cole Palmer,England,76.95,7.0,4.0,5.01,7.0,7.0,7.0,2,0.9,6.17,55,282
Christian Dannemann Eriksen,Denmark,175.95,7.0,4.2,4.81,7.0,7.0,7.0,2,2.0,6.17,55,282
Andreas Skov Olsen,Denmark,67.0,7.0,4.07,4.93,7.0,7.0,7.0,1,0.7,6.17,43,106
Anis Ben Slimane,Tunisia,66.0,7.0,4.2,4.8,7.0,7.0,7.0,1,0.7,6.17,43,106
Darwin Gabriel Núñez Ribeiro,Uruguay,94.98,7.0,4.0,5.03,7.0,7.0,7.0,1,1.1,6.17,43,106
Jonas Hofmann,Bayer Leverkusen,511.92,7.0,4.21,4.67,7.0,7.0,7.09,9,5.7,6.16,9,281
Jonathan Bamba,Lille,180.98,7.0,4.02,4.64,7.0,7.0,7.32,2,2.0,6.16,7,235
Saman Ghoddos,Iran,49.98,7.0,4.11,4.84,7.0,7.0,7.0,1,0.6,6.16,43,106
Arthur Augusto de Matos Soares,Bayer Leverkusen,22.98,7.0,4.0,4.97,7.0,7.0,7.0,1,0.3,6.16,9,281
Nathan Tella,Bayer Leverkusen,336.82,7.0,4.28,4.58,7.0,7.0,7.12,6,3.7,6.16,9,281
Malcom Filipe Silva de Oliveira,Barcelona,389.85,7.0,4.6,4.53,7.0,7.0,6.82,9,4.3,6.16,11,4
Marcos Paulo Mesquita Lopes,Troyes,88.97,7.0,4.24,4.74,7.0,7.0,7.0,1,1.0,6.16,7,235
Dodi Lukebakio,Belgium,55.0,7.0,4.23,4.7,7.0,7.0,7.0,1,0.6,6.16,55,282
Daniel Olmo Carvajal,Spain,381.93,7.0,4.05,4.72,7.0,7.0,7.17,4,4.2,6.16,43,106
Mikel Oyarzabal Ugarte,Real Sociedad,93.98,7.0,4.0,4.38,7.0,7.0,7.58,1,1.0,6.16,11,4
Pablo Sarabia García,Paris Saint-Germain,157.95,7.0,4.38,4.56,7.0,7.0,7.0,3,1.8,6.16,7,235
Markel Susaeta Laskurain,Athletic Club,61.0,7.0,4.28,4.7,7.0,7.0,7.0,1,0.7,6.16,11,4
Noah Mbamba,Bayer Leverkusen,16.73,7.0,4.41,4.5,7.0,7.0,7.0,2,0.2,6.15,9,281
Sheraldo Becker,Union Berlin,63.0,7.0,4.07,4.8,7.0,7.0,7.0,1,0.7,6.15,9,281
Nedim Bajrami,Albania,69.0,7.0,4.0,4.9,7.0,7.0,7.0,1,0.8,6.15,55,282
Serge Gnabry,Germany,267.98,7.0,4.1,4.56,7.0,7.0,7.22,3,3.0,6.15,43,106
Carles Pérez Sayol,Barcelona,111.58,7.0,4.37,4.54,7.0,7.0,7.0,4,1.2,6.15,11,42
Gareth Frank Bale,Real Madrid,59.0,7.0,4.0,4.92,7.0,7.0,7.0,1,0.7,6.15,11,4
Raheem Sterling,England,144.83,7.0,4.2,4.71,7.0,7.0,7.0,3,1.6,6.15,43,106
Kai Havertz,Germany,94.98,7.0,4.08,4.8,7.0,7.0,7.0,1,1.1,6.15,55,282
Antonio Cassano,Sampdoria,55.0,7.0,4.08,4.83,7.0,7.0,7.0,1,0.6,6.15,12,27
Ilias Chair,Morocco,46.93,7.0,4.0,4.91,7.0,7.0,7.0,1,0.5,6.15,43,106
Leonardo Carrilho Baptistão,Espanyol,34.98,7.0,4.0,4.87,7.0,7.0,7.0,1,0.4,6.15,11,4
Florent Mollet,Montpellier,76.0,7.0,4.0,4.85,7.0,7.0,7.0,1,0.8,6.14,7,108
Sergi Roberto Carnicer,Barcelona,94.0,7.0,4.27,4.57,7.0,7.0,7.0,2,1.0,6.14,11,4
Alexis Mac Allister,Argentina,82.0,7.0,4.13,4.7,7.0,7.0,7.0,1,0.9,6.14,43,106
João Félix Sequeira,Portugal,336.98,7.0,4.04,4.8,7.0,7.0,7.0,4,3.7,6.14,43,106
Phil Foden,England,430.97,7.0,4.04,4.56,7.0,7.0,7.25,5,4.8,6.14,55,282
Yannick Ferreira Carrasco,Belgium,71.0,7.0,4.0,4.86,7.0,7.0,7.0,1,0.8,6.14,43,106
Nicolò Barella,Italy,90.98,7.0,4.02,4.73,7.0,7.0,7.0,1,1.0,6.13,55,282
Ricard Puig Martí,Barcelona,33.95,7.0,4.0,4.8,7.0,7.0,7.0,2,0.4,6.13,11,90
Carlos Soler Barragán,Paris Saint-Germain,69.88,7.0,4.38,4.37,7.0,7.0,7.0,2,0.8,6.13,7,235
Marco Asensio Willemsen,Spain,168.98,7.0,4.03,4.75,7.0,7.0,7.0,3,1.9,6.13,43,106
Antony Matheus dos Santos,Brazil,95.98,7.0,4.07,4.69,7.0,7.0,7.0,2,1.1,6.13,43,106
Fabián Ariel Orellana Valenzuela,Eibar,91.98,7.0,4.05,4.7,7.0,7.0,7.0,1,1.0,6.13,11,4
Memphis Depay,Netherlands,91.98,7.0,4.32,4.45,7.0,7.0,7.0,1,1.0,6.13,55,282
Facundo Pellistri Rebollo,Uruguay,85.0,7.0,4.12,4.64,7.0,7.0,7.0,1,0.9,6.13,43,106
Ludovic Blas,Nantes,82.0,7.0,4.06,4.75,7.0,7.0,7.0,1,0.9,6.13,7,235
Arturo Erasmo Vidal Pardo,Barcelona,128.97,7.0,4.06,4.58,7.0,7.0,7.09,2,1.4,6.12,11,42
Joan Verdú Fernández,Fiorentina,70.9,7.0,4.16,4.58,7.0,7.0,7.0,2,0.8,6.12,12,27
Daniel James,Wales,76.0,7.0,4.0,4.71,7.0,7.0,7.0,1,0.8,6.12,43,106
Timothy Weah,United States,233.0,7.0,4.11,4.62,7.0,7.0,7.0,3,2.6,6.12,43,106
Ross Barkley,OGC Nice,60.0,7.0,4.0,4.71,7.0,7.0,7.0,1,0.7,6.12,7,235
Takashi Inui,Eibar,65.0,7.0,4.0,4.71,7.0,7.0,7.0,1,0.7,6.12,11,42
Francisco Fernandes Conceição,Portugal,42.97,7.0,4.09,4.64,7.0,7.0,7.0,1,0.5,6.12,55,282
Giuseppe Rossi,Fiorentina,62.0,7.0,4.0,4.66,7.0,7.0,7.0,1,0.7,6.11,12,27
Saúl Ñíguez Esclapez,Atlético Madrid,53.0,7.0,4.0,4.65,7.0,7.0,7.0,1,0.6,6.11,11,90
Khouma El Hadji Babacar,Fiorentina,92.98,7.0,4.08,4.56,7.0,7.0,7.0,1,1.0,6.11,12,27
Gerson Santos da Silva,Marseille,93.98,7.0,4.0,4.63,7.0,7.0,7.0,1,1.0,6.11,7,108
Mattéo Guendouzi Olié,France,68.0,7.0,4.0,4.66,7.0,7.0,7.0,1,0.8,6.11,43,106
Fredrik Ljungberg,Arsenal,68.0,7.0,4.0,4.68,7.0,7.0,7.0,1,0.8,6.11,2,44
Andrej Kramarić,Croatia,261.0,7.0,4.07,4.57,7.0,7.0,7.0,4,2.9,6.11,43,106
Jim Allevinah,Clermont Foot,71.0,7.0,4.0,4.66,7.0,7.0,7.0,1,0.8,6.11,7,235
Taulant Sulejmanov,Albania,66.0,7.0,4.0,4.65,7.0,7.0,7.0,1,0.7,6.11,55,282
Fidel Chaves de la Torre,Elche,32.95,7.0,4.0,4.68,7.0,7.0,7.0,1,0.4,6.11,11,90
Denzel Dumfries,Netherlands,94.98,7.0,4.0,4.67,7.0,7.0,7.0,1,1.1,6.11,55,282
Chang-Hoon Kwon,South Korea,53.0,7.0,4.1,4.55,7.0,7.0,7.0,1,0.6,6.11,43,106
Philip Foden,England,240.98,7.0,4.12,4.56,7.0,7.0,7.0,3,2.7,6.11,43,106
Ferrán Torres García,Spain,223.98,7.0,4.03,4.54,7.0,7.0,7.0,4,2.5,6.09,43,106
Jonas Older Wind,Denmark,56.0,7.0,4.23,4.32,7.0,7.0,7.0,1,0.6,6.09,55,282
Viktor Tsygankov,Ukraine,62.0,7.0,4.0,4.51,7.0,7.0,7.0,1,0.7,6.09,55,282
Radja Nainggolan,AS Roma,92.98,7.0,4.0,4.54,7.0,7.0,7.0,1,1.0,6.09,12,27
Joaquín Sánchez Rodríguez,Real Betis,61.0,7.0,4.0,4.5,7.0,7.0,7.0,1,0.7,6.08,11,90
Sergio Busquets i Burgos,Barcelona,25.97,7.0,4.0,4.48,7.0,7.0,7.0,1,0.3,6.08,11,90
Julián Álvarez,Argentina,149.0,7.0,4.0,4.42,7.0,7.0,6.96,2,1.7,6.06,43,106
