goalkeeper,team,competition_name,season_id,matches_played,minutes_played,shot_stopping,distribution,sweeping,aerial_command,composite_score
Mike Maignan,France,UEFA Euro,282,6,583.92,9.3,8.6,9.6,9.6,9.28
Wojciech Szczęsny,AS Roma,Serie A,27,34,3069.42,9.2,9.0,9.3,9.5,9.25
Samir Handanovič,Inter Milan,Serie A,27,36,3249.9,9.5,9.4,8.9,8.9,9.17
Gianluigi Buffon,Juventus,Serie A,27,35,3121.05,9.4,9.5,9.1,8.6,9.15
Federico Marchetti,Lazio,Serie A,27,29,2551.33,8.8,9.2,9.2,9.0,9.05
Andrea Consigli,Sassuolo,Serie A,27,37,3297.08,9.1,8.8,9.0,9.3,9.05
Diogo Meireles Costa,Portugal,UEFA Euro,282,5,526.87,7.8,9.6,9.2,9.5,9.02
Angelo Esmael da Costa Júnior,Bologna,Serie A,27,5,457.92,9.5,8.6,9.5,8.5,9.02
Łukasz Skorupski,Empoli,Serie A,27,31,2768.38,8.1,9.0,9.4,9.5,9.0
Eugenio Lamanna,Genoa,Serie A,27,13,1171.68,9.1,8.9,9.1,8.9,9.0
Antonio Mirante,Bologna,Serie A,27,33,2975.38,8.9,8.7,9.3,9.1,9.0
Andries Noppert,Netherlands,FIFA World Cup,106,5,498.83,9.4,9.4,8.6,8.6,9.0
José Manuel Reina Páez,Napoli,Serie A,27,37,3338.3,7.9,9.5,9.5,8.9,8.95
Yassine Bounou,Morocco,FIFA World Cup,106,6,587.88,8.7,9.1,8.6,9.4,8.95
Fehmi Mert Günok,Turkey,UEFA Euro,282,4,373.88,9.2,8.9,9.3,8.3,8.93
Mattia Perin,Genoa,Serie A,27,25,2269.45,9.2,8.6,9.0,8.9,8.92
Lukáš Hrádecký,Bayer Leverkusen,1. Bundesliga,281,33,2992.12,8.9,8.9,8.9,8.9,8.9
Norberto Murara Neto,Barcelona,La Liga,90,6,548.85,8.9,8.9,8.9,8.9,8.9
Dominik Livaković,Croatia,FIFA World Cup,106,7,700.83,8.8,9.4,8.1,9.2,8.88
Etrit Berisha,Lazio,Serie A,27,11,864.75,8.3,9.2,9.0,9.0,8.88
Emiliano Viviano,Sampdoria,Serie A,27,37,3366.27,9.2,8.6,9.1,8.6,8.88
Albano Benjamín Bizzarri,Chievo,Serie A,27,35,3204.25,9.5,8.4,8.5,9.0,8.85
Diego López Rodríguez,AC Milan,Serie A,27,8,725.85,6.9,9.5,9.5,9.5,8.85
Anton Ciprian Tătărușanu,Fiorentina,Serie A,27,37,3312.08,7.8,9.2,9.3,9.1,8.85
Matthew Charles Turner,United States,FIFA World Cup,106,4,374.88,9.4,8.9,9.1,8.0,8.85
Jan Oblak,Slovenia,UEFA Euro,282,4,399.9,9.6,8.6,8.5,8.7,8.85
Jens Lehmann,Arsenal,Premier League,44,38,3412.3,8.8,8.8,8.8,8.8,8.8
Marc-André ter Stegen,Barcelona,La Liga,4,32,2861.45,8.8,8.8,8.8,8.8,8.8
Kasper Schmeichel,Denmark,UEFA Euro,282,4,362.92,9.0,9.5,8.2,8.4,8.78
Marco Sportiello,Atalanta,Serie A,27,36,3262.12,9.1,8.6,8.8,8.6,8.78
Koen Casteels,Belgium,UEFA Euro,282,4,370.92,9.6,8.9,9.4,7.2,8.78
Manuel Neuer,Germany,UEFA Euro,282,5,482.8,7.8,9.6,9.2,8.5,8.77
Pierluigi Gollini,Hellas Verona,Serie A,27,26,2345.38,8.5,8.4,9.2,8.9,8.75
Stefano Sorrentino,Palermo,Serie A,27,35,3129.13,8.5,8.6,8.6,9.3,8.75
Unai Simón Mendibil,Spain,UEFA Euro,282,6,575.88,8.6,8.7,9.5,8.2,8.75
Mathew Ryan,Australia,FIFA World Cup,106,4,369.93,8.2,8.9,9.4,8.5,8.75
Nicola Leali,Frosinone,Serie A,27,33,3003.23,8.6,8.4,9.1,8.9,8.75
Bart Verbruggen,Netherlands,UEFA Euro,282,6,554.87,8.5,9.2,8.3,9.0,8.75
Daniele Padelli,Torino,Serie A,27,35,3185.33,7.8,9.1,8.8,9.2,8.72
Jordan Pickford,England,UEFA Euro,282,7,708.9,8.6,8.8,8.7,8.8,8.72
Patrick Pentz,Austria,UEFA Euro,282,4,372.92,7.4,9.5,9.4,8.5,8.7
Gianluigi Donnarumma,Paris Saint-Germain,Ligue 1,235,32,2783.47,8.7,8.7,8.7,8.7,8.7
Keylor Navas Gamboa,Paris Saint-Germain,Ligue 1,108,13,1130.72,8.7,8.7,8.7,8.7,8.7
Alberto Pelagotti,Empoli,Serie A,27,6,516.92,9.5,9.0,8.8,7.4,8.68
Yann Sommer,Switzerland,UEFA Euro,282,5,490.83,7.8,9.4,8.8,8.5,8.62
Rafael de Andrade Bittencourt Pinheiro,Hellas Verona,Serie A,27,12,995.68,7.9,8.5,8.6,9.5,8.62
Martin Dúbravka,Slovakia,UEFA Euro,282,4,394.92,7.4,7.7,9.6,9.6,8.58
Morgan De Sanctis,AS Roma,Serie A,27,4,343.95,6.9,8.4,9.5,9.5,8.57
Vid Belec,Carpi,Serie A,27,30,2681.17,8.3,7.8,8.7,9.3,8.52
Orestis Karnezis,Udinese,Serie A,27,38,3405.27,8.4,8.3,8.5,8.8,8.5
Seung-Gyu Kim,South Korea,FIFA World Cup,106,4,380.93,7.6,9.0,8.5,8.7,8.45
Florin Constantin Niţă,Romania,UEFA Euro,282,4,374.92,7.9,8.1,8.7,9.1,8.45
Damián Emiliano Martínez,Argentina,FIFA World Cup,106,7,709.8,8.2,8.6,8.2,8.5,8.38
Edouard Mendy,Senegal,FIFA World Cup,106,4,371.88,6.5,9.3,9.4,8.2,8.35
Shūichi Gonda,Japan,FIFA World Cup,106,4,388.82,7.5,8.2,8.3,9.4,8.35
Hugo Lloris,France,FIFA World Cup,106,6,596.87,8.1,8.5,8.3,8.4,8.33
Giorgi Mamardashvili,Georgia,UEFA Euro,282,4,372.87,8.3,7.7,8.2,9.0,8.3
Željko Brkić,Carpi,Serie A,27,4,318.9,7.7,7.4,8.6,9.1,8.2
Gregor Kobel,Borussia Dortmund,1. Bundesliga,281,2,191.93,8.9,8.4,6.9,8.5,8.18
Noah Atubolu,Freiburg,1. Bundesliga,281,2,187.93,7.3,8.6,7.9,8.9,8.17
Alisson Ramsés Becker,Brazil,FIFA World Cup,106,4,388.93,5.7,8.5,8.9,9.4,8.12
Mohammed Khalil Al Owais,Saudi Arabia,FIFA World Cup,106,3,290.95,7.8,7.3,9.1,8.2,8.1
Edwin van der Sar,Fulham,Premier League,44,2,181.95,8.8,7.7,8.6,7.2,8.08
Alexander Nübel,VfB Stuttgart,1. Bundesliga,281,2,190.97,7.8,8.0,8.0,8.5,8.07
Jussi Jääskeläinen,Bolton Wanderers,Premier League,44,2,181.95,6.4,8.0,8.8,8.8,8.0
Shay Given,Newcastle United,Premier League,44,2,178.98,7.5,8.4,8.2,7.8,7.98
Massimo Zenildo Zappino,Frosinone,Serie A,27,4,320.93,6.5,8.2,8.7,8.5,7.98
Aymen Dahmen,Tunisia,FIFA World Cup,106,3,291.92,8.4,7.8,7.4,8.1,7.93
Anthony Lopes,Lyon,Ligue 1,235,2,182.93,8.6,8.3,6.7,8.0,7.9
Francisco Guillermo Ochoa Magaña,Mexico,FIFA World Cup,106,3,283.92,7.2,8.3,7.4,8.6,7.88
Marco Bizot,Stade Brestois,Ligue 1,235,2,186.97,8.1,7.6,8.2,7.5,7.85
Gerónimo Rulli,Real Sociedad,La Liga,4,2,180.97,6.2,7.8,8.6,8.8,7.85
Jasper Cillessen,Barcelona,La Liga,4,2,184.97,6.8,8.8,7.9,7.6,7.78
Pau López Sabata,Real Betis,La Liga,4,2,182.95,7.8,8.4,7.4,7.5,7.78
Andrea Seculin,Chievo,Serie A,27,3,273.92,9.0,7.1,7.3,7.6,7.75
Paul Bernardoni,Angers,Ligue 1,235,2,173.97,6.3,7.2,8.7,8.7,7.72
Steve Mandanda,Rennes,Ligue 1,235,2,187.95,8.7,7.7,7.5,6.9,7.7
Iván Cuéllar Sacristán,Leganés,La Liga,42,2,188.93,6.4,7.7,8.9,7.8,7.7
Rui Tiago Dantas da Silva,Granada,La Liga,42,2,179.97,8.9,7.5,7.0,7.2,7.65
Sergio Asenjo Andrés,Villarreal,La Liga,4,2,182.95,6.2,8.4,8.8,7.2,7.65
Alejandro Remiro Gargallo,Real Sociedad,La Liga,42,2,187.93,7.9,8.9,7.2,6.5,7.62
Sergio Rochet Álvarez,Uruguay,FIFA World Cup,106,3,287.95,6.8,7.6,8.2,7.8,7.6
Janis Blaswich,RB Leipzig,1. Bundesliga,281,2,189.97,5.2,8.9,8.8,7.5,7.6
Kasey Keller,Tottenham Hotspur,Premier League,44,2,179.95,7.1,8.4,8.1,6.8,7.6
Ian Walker,Leicester City,Premier League,44,2,168.97,7.3,8.4,7.8,6.7,7.55
Predrag Rajković,Serbia,UEFA Euro,282,3,264.97,7.6,7.1,7.5,8.0,7.55
Vanja Milinković Savić,Serbia,FIFA World Cup,106,3,290.95,7.0,7.8,7.7,7.7,7.55
Oliver Baumann,Hoffenheim,1. Bundesliga,281,2,191.95,7.0,8.7,6.6,7.9,7.55
Fernando Pacheco Flores,Deportivo Alavés,La Liga,4,2,179.97,8.1,7.3,7.6,7.1,7.52
Thibaut Courtois,Belgium,FIFA World Cup,106,3,268.97,7.9,8.3,7.8,6.0,7.5
Péter Gulácsi,Hungary,UEFA Euro,282,3,277.9,5.6,7.7,8.2,8.5,7.5
Angus Gunn,Scotland,UEFA Euro,282,3,278.9,6.6,6.9,8.8,7.6,7.48
Francesco Benussi,Carpi,Serie A,27,4,293.85,7.5,7.4,7.3,7.7,7.48
Salvador Ichazo Fernández,Torino,Serie A,27,3,273.93,6.7,7.9,7.6,7.5,7.43
Walter Daniel Benítez,OGC Nice,Ligue 1,108,2,179.92,8.5,6.6,7.0,7.6,7.43
Brad Friedel,Blackburn Rovers,Premier League,44,2,179.95,7.5,7.7,7.6,6.9,7.42
Shaka Hislop,Portsmouth,Premier League,44,2,173.98,8.8,7.0,7.3,6.5,7.4
Dean Kiely,Charlton Athletic,Premier League,44,2,180.95,6.8,8.8,7.1,6.7,7.35
Thomas Løvendahl Sørensen,Aston Villa,Premier League,44,2,180.93,7.0,8.3,7.3,6.7,7.32
Jordi Masip López,Real Valladolid,La Liga,42,2,183.97,6.9,7.1,7.2,8.1,7.32
Jerzy Dudek,Liverpool,Premier League,44,2,178.97,6.0,8.5,7.1,7.4,7.25
Alban Lafont,Nantes,Ligue 1,108,2,183.93,7.7,6.5,7.0,7.7,7.22
Antti Mikko Niemi,Southampton,Premier League,44,2,180.88,6.5,7.0,7.8,7.6,7.22
Frederik Rønnow,Union Berlin,1. Bundesliga,281,2,181.97,7.3,7.8,6.8,7.0,7.22
Rubén Blanco Veiga,Celta Vigo,La Liga,42,2,172.98,5.4,7.8,6.8,8.9,7.22
Kevin Trapp,Eintracht Frankfurt,1. Bundesliga,281,2,184.97,5.5,8.2,7.2,7.9,7.2
Jean-Louis Leca,Lens,Ligue 1,108,2,185.93,8.4,6.6,7.2,6.5,7.18
Michael Zetterer,Werder Bremen,1. Bundesliga,281,2,180.98,5.2,8.4,7.1,8.0,7.18
Thomas Strakosha,Albania,UEFA Euro,282,3,283.85,7.0,7.4,7.1,7.2,7.18
Lawrence Ati-Zigi,Ghana,FIFA World Cup,106,3,295.85,5.8,7.9,7.6,7.4,7.17
Maxime Dupé,Toulouse,Ligue 1,235,2,181.92,6.8,7.7,7.3,6.7,7.12
Kevin Müller,FC Heidenheim,1. Bundesliga,281,2,184.95,6.1,7.7,7.1,7.5,7.1
Manuel Riemann,Bochum,1. Bundesliga,281,2,187.95,6.1,7.3,8.9,6.1,7.1
David Soria Solís,Getafe,La Liga,90,2,185.95,6.7,5.9,7.0,8.7,7.08
Aitor Fernández Abarisketa,Levante UD,La Liga,90,2,188.97,7.2,6.6,7.8,6.7,7.08
Milan Borjan,Canada,FIFA World Cup,106,3,281.85,5.1,7.9,7.8,7.5,7.08
Marvin Schwäbe,FC Köln,1. Bundesliga,281,2,183.97,6.3,7.9,7.1,6.9,7.05
Mark Schwarzer,Middlesbrough,Premier League,44,2,177.95,5.9,7.9,7.1,7.3,7.05
Marko Dmitrović,Eibar,La Liga,42,2,170.97,5.6,7.6,7.7,7.2,7.02
Iván Villar Martínez,Celta Vigo,La Liga,90,2,185.95,6.8,6.3,6.6,8.4,7.02
Marcel Schuhen,Darmstadt 98,1. Bundesliga,281,2,185.95,6.3,7.7,7.3,6.5,6.95
Jeremías Ledesma,Cádiz,La Liga,90,2,183.95,8.1,5.3,6.7,7.5,6.9
Paul Robinson,Leeds United,Premier League,44,2,175.97,5.4,8.3,7.9,5.9,6.88
Robin Zentner,FSV Mainz 05,1. Bundesliga,281,2,175.97,5.1,7.0,7.4,7.8,6.82
Manuel Reina Rodríguez,Mallorca,La Liga,42,2,187.95,5.9,8.1,7.1,6.1,6.8
Jindřich Staněk,Czech Republic,UEFA Euro,282,3,233.95,6.9,6.4,6.3,7.6,6.8
Tomáš Vaclík,Sevilla,La Liga,4,2,185.97,5.9,7.6,7.1,6.5,6.78
Mory Diaw,Clermont Foot,Ligue 1,235,2,177.98,6.5,7.5,7.2,5.8,6.75
Sergio Herrera Pirón,Osasuna,La Liga,90,2,177.98,6.2,6.4,7.1,7.0,6.68
Ivo Grbić,Lille,Ligue 1,108,2,165.0,6.4,6.5,6.7,7.0,6.65
Iago Herrerín Buisán,Athletic Club,La Liga,4,1,91.98,7.8,5.5,5.3,7.6,6.55
Hernán Ismael Galíndez,Ecuador,FIFA World Cup,106,3,262.98,5.0,6.6,7.0,7.4,6.5
Anatolii Trubin,Ukraine,UEFA Euro,282,2,188.97,6.6,5.7,6.5,6.8,6.4
Roy Carroll,Manchester United,Premier League,44,1,87.98,6.8,6.0,6.1,6.0,6.22
Devis Rogers Epassy Mboka,Cameroon,FIFA World Cup,106,2,193.97,6.4,6.3,6.0,6.0,6.18
Gianluca Pegolo,Sassuolo,Serie A,27,2,155.95,6.6,5.9,5.7,6.3,6.12
Nigel Martyn,Everton,Premier League,44,1,89.98,6.2,6.2,6.2,5.9,6.12
Yehvann Diouf,Stade de Reims,Ligue 1,235,1,91.93,6.7,6.4,5.4,5.9,6.1
Richard Wright,Everton,Premier League,44,1,90.98,6.1,6.1,6.3,5.9,6.1
Jessy Moulin,Troyes,Ligue 1,108,1,90.98,6.3,5.8,5.8,6.4,6.07
Álvaro Fernández Llorente,Huesca,La Liga,90,2,175.98,6.5,5.9,6.3,5.6,6.07
Etienne Green,Saint-Étienne,Ligue 1,108,1,93.98,6.2,5.7,5.9,6.3,6.02
Paul Nardi,Lorient,Ligue 1,108,1,91.92,6.7,5.6,5.7,6.0,6.0
Benjamin Lecomte,Montpellier,Ligue 1,235,1,90.93,6.5,6.0,5.4,6.1,6.0
Finn Dahmen,Augsburg,1. Bundesliga,281,1,90.98,6.6,5.7,6.0,5.6,5.98
Marc-Aurèle Caillard,Metz,Ligue 1,108,1,91.95,6.0,5.6,6.2,6.0,5.95
Matz Sels,Strasbourg,Ligue 1,108,1,93.98,5.6,6.0,5.9,6.3,5.95
David Seaman,Manchester City,Premier League,44,1,90.98,5.4,6.3,6.2,5.9,5.95
Gaëtan Poussin,Bordeaux,Ligue 1,108,1,90.97,5.3,6.0,6.1,6.3,5.92
Alfred Benjamin Gomis,Rennes,Ligue 1,108,1,90.97,5.7,5.8,6.0,6.2,5.92
Ian Bennett,Birmingham City,Premier League,44,1,90.98,7.1,5.5,5.5,5.5,5.9
Doğan Alemdar,Rennes,Ligue 1,108,1,94.98,5.7,5.8,5.9,6.2,5.9
Tim Howard,Manchester United,Premier League,44,1,86.0,7.0,6.2,5.2,5.2,5.9
Wayne Hennessey,Wales,FIFA World Cup,106,2,176.98,4.6,6.3,5.7,7.0,5.9
Jaume Doménech Sánchez,Valencia,La Liga,42,1,92.98,7.0,5.6,5.5,5.5,5.9
Yvon Landry Mvogo,Lorient,Ligue 1,235,1,83.0,6.6,5.5,5.3,6.0,5.85
Carlo Cudicini,Chelsea,Premier League,44,1,92.98,6.0,6.3,5.4,5.7,5.85
Sven Ulreich,Bayern Munich,1. Bundesliga,281,1,89.98,5.8,5.2,5.3,7.1,5.85
Gauthier Gallon,Troyes,Ligue 1,235,1,91.98,5.7,5.7,5.8,6.1,5.82
Meshaal Aissa Barsham,Qatar,FIFA World Cup,106,2,186.97,4.9,5.9,5.8,6.6,5.8
David James,Manchester City,Premier League,44,1,91.98,7.0,5.2,5.3,5.7,5.8
Lucas Chevalier,Lille,Ligue 1,235,1,94.98,5.6,6.0,6.0,5.6,5.8
Benjamin Leroy,AC Ajaccio,Ligue 1,235,1,90.98,6.0,5.9,5.4,5.9,5.8
Arthur Desmas,Clermont Foot,Ligue 1,108,1,87.0,5.5,5.7,5.7,6.2,5.78
Seyed Hossein Hosseini,Iran,FIFA World Cup,106,2,165.97,6.1,5.5,5.7,5.8,5.78
Oier Olazábal Paredes,Levante UD,La Liga,4,1,83.0,5.2,5.9,6.7,5.2,5.75
Matthieu Dreyer,Lorient,Ligue 1,108,1,92.98,5.4,5.7,5.7,6.2,5.75
Matěj Kovář,Bayer Leverkusen,1. Bundesliga,281,1,81.98,6.3,6.1,5.3,5.1,5.7
Dimitry Bertaud,Montpellier,Ligue 1,108,1,90.97,5.6,5.7,5.7,5.8,5.7
Moritz Nicolas,Borussia Mönchengladbach,1. Bundesliga,281,1,90.98,6.7,5.6,5.1,5.3,5.68
Ionuț Andrei Radu,Auxerre,Ligue 1,235,1,95.98,5.5,5.7,5.9,5.6,5.68
Paul Jones,Wolverhampton Wanderers,Premier League,44,1,91.98,5.3,6.3,5.5,5.5,5.65
Asier Riesgo Unamuno,Eibar,La Liga,4,1,90.98,5.3,5.8,5.6,5.8,5.62
Joel Robles Blázquez,Real Betis,La Liga,42,1,91.98,5.2,5.8,6.4,5.1,5.62
Neil Sullivan,Chelsea,Premier League,44,1,89.9,5.4,6.4,5.3,5.4,5.62
Fabrizio Alastra,Palermo,Serie A,27,2,147.93,5.0,6.1,5.6,5.5,5.55
Benoît Guy Robert Costil,Auxerre,Ligue 1,235,1,88.93,5.3,5.6,5.7,5.6,5.55
François-Joseph Sollacaro,AC Ajaccio,Ligue 1,235,1,86.0,5.5,5.3,5.5,5.8,5.52
Brice Samba,Lens,Ligue 1,235,1,84.98,5.5,5.8,5.3,5.5,5.52
Juan Pablo Carrizo,Inter Milan,Serie A,27,2,163.98,4.5,5.8,6.0,5.8,5.52
Stole Dimitrievski,Rayo Vallecano,La Liga,4,1,82.98,5.7,5.7,5.2,5.4,5.5
Jonas Omlin,Borussia Mönchengladbach,1. Bundesliga,281,1,91.97,5.5,5.8,5.3,5.2,5.45
Francesco Bardi,Frosinone,Serie A,27,2,121.97,6.3,4.8,5.0,5.7,5.45
Claudio Andrés Bravo Muñoz,Real Betis,La Liga,90,1,92.98,5.4,5.1,5.6,5.6,5.43
Pavao Pervan,Wolfsburg,1. Bundesliga,281,1,90.93,5.7,5.1,5.3,5.6,5.43
Leonardo Cesar Jardim,Lille,Ligue 1,235,1,86.0,5.3,5.4,5.6,5.4,5.42
Michael Oakes,Wolverhampton Wanderers,Premier League,44,1,89.98,5.5,5.3,5.3,5.5,5.4
Axel Werner,Huesca,La Liga,4,1,89.98,5.3,5.7,5.2,5.4,5.4
Sergio Rico González,Paris Saint-Germain,Ligue 1,108,1,25.97,5.7,5.3,5.3,5.3,5.4
Tomáš Koubek,Augsburg,1. Bundesliga,281,1,89.0,5.8,5.5,5.1,5.1,5.38
Aarón Escandell Banacloche,Granada,La Liga,90,1,86.98,6.1,5.1,5.1,5.1,5.35
Edgar Badía Guardiola,Elche,La Liga,90,1,91.98,5.5,5.3,5.2,5.4,5.35
Alexandre Letellier,Paris Saint-Germain,Ligue 1,108,1,8.83,5.4,5.3,5.3,5.3,5.32
Maik Taylor,Birmingham City,Premier League,44,1,87.0,5.2,5.3,5.2,5.5,5.3
Munir Mohand Mohamedi,Morocco,FIFA World Cup,106,1,90.97,5.9,4.7,5.3,5.2,5.28
Roberto Jiménez Gago,Deportivo Alavés,La Liga,42,1,91.97,5.1,5.4,5.2,5.1,5.2
Danny Coyne,Leicester City,Premier League,44,1,9.0,5.2,5.2,5.2,5.2,5.2
Alireza Safar Beiranvand,Iran,FIFA World Cup,106,2,107.98,5.4,5.0,4.7,5.6,5.18
Simone Colombi,Carpi,Serie A,27,2,93.98,5.6,4.8,4.6,5.5,5.12
Ferdinando Coppola,Hellas Verona,Serie A,27,1,91.97,6.0,4.9,4.6,4.7,5.05
Luca Lezzerini,Fiorentina,Serie A,27,2,113.95,4.6,5.0,5.5,5.1,5.05
Josip Posavec,Palermo,Serie A,27,1,88.98,5.9,4.7,4.5,5.1,5.05
Boris Radunović,Atalanta,Serie A,27,1,93.95,5.6,4.9,4.6,5.0,5.03
André Onana,Cameroon,FIFA World Cup,106,1,94.98,5.8,4.7,4.9,4.6,5.0
David Raya Martin,Spain,UEFA Euro,282,1,94.98,5.8,4.7,4.4,4.9,4.95
Maurizio Pugliesi,Empoli,Serie A,27,1,92.98,5.5,4.8,5.0,4.5,4.95
Davide Bassi,Atalanta,Serie A,27,1,92.97,5.1,4.6,5.0,5.0,4.92
Ederson Santana de Moraes,Brazil,FIFA World Cup,106,1,90.97,4.7,5.1,4.6,5.0,4.85
Gabriel Vasconelos Ferreira,Napoli,Serie A,27,1,94.98,4.8,5.4,4.6,4.5,4.82
Christian Abbiati,AC Milan,Serie A,27,1,74.95,5.6,4.5,4.5,4.6,4.8
Danny Ward,Wales,FIFA World Cup,106,2,106.93,5.1,4.6,4.7,4.6,4.75
Saad Abdullah Al Sheeb,Qatar,FIFA World Cup,106,1,92.97,4.6,4.7,4.8,4.7,4.7
Alberto Brignoli,Sampdoria,Serie A,27,1,85.0,4.5,4.5,4.5,5.1,4.65
Andriy Lunin,Ukraine,UEFA Euro,282,1,94.92,4.4,4.6,4.6,4.8,4.6
Weverton Pereira da Silva,Brazil,FIFA World Cup,106,1,10.82,4.6,4.6,4.6,4.6,4.6
Altay Bayındır,Turkey,UEFA Euro,282,1,94.98,4.6,4.6,4.4,4.4,4.5
