Unnamed: 0,fullback,team,minutes_played,overlap_inversion,final_third_entries,defensive_performance,ball_progression,chance_creation,matches_played,full_match_equivalent,overlap_inversion_ci,final_third_entries_ci,defensive_performance_ci,ball_progression_ci,chance_creation_ci,composite_score,competition_id,season_id,cluster
504,Senad Lulić,Lazio,1558.77,9.3,8.6,9.0,8.9,9.3,17,17.3,0.03,0.03,0.02,0.02,0.0,9.02,12,27,0
401,Michel Morganella,Palermo,359.92,8.3,9.0,9.3,9.2,9.3,5,4.0,0.03,0.03,0.02,0.02,0.0,9.02,12,27,0
510,Silvan Widmer,Udinese,455.95,8.4,8.1,9.3,9.3,9.3,5,5.1,0.03,0.03,0.02,0.02,0.0,8.88,12,27,0
462,Patrice Evra,Juventus,762.85,9.2,8.3,9.3,9.0,8.5,9,8.5,0.03,0.03,0.02,0.02,0.0,8.86,12,27,0
413,Mohamed Salim Fares,Hellas Verona,465.92,9.3,8.5,9.3,8.6,8.6,7,5.2,0.03,0.03,0.02,0.02,0.0,8.86,12,27,0
36,Ali Adnan Kadhim Al Tameemi,Udinese,781.9,9.3,8.4,9.3,8.5,8.8,9,8.7,0.03,0.03,0.02,0.02,0.0,8.86,12,27,0
147,Diego Sebastián Laxalt Suárez,Genoa,559.9,9.1,8.7,7.9,9.3,9.2,6,6.2,0.03,0.03,0.02,0.02,0.0,8.84,12,27,0
213,Gaetano Letizia,Carpi,1645.7,8.7,8.1,9.3,8.7,9.3,18,18.3,0.03,0.03,0.02,0.02,0.0,8.82,12,27,0
255,Jacopo Sala,Hellas Verona,646.87,8.4,8.3,9.3,9.3,8.7,8,7.2,0.03,0.03,0.02,0.02,0.0,8.8,12,27,0
9,Achraf Lazaar,Palermo,1347.68,9.3,8.7,8.4,8.6,8.9,17,15.0,0.03,0.03,0.02,0.02,0.0,8.78,12,27,0
25,Alessandro Florenzi,AS Roma,2008.58,8.5,9.0,7.9,9.2,9.3,23,22.3,0.03,0.03,0.02,0.02,0.0,8.78,12,27,0
355,Maicon Douglas Sisenando,AS Roma,1003.85,8.4,9.0,8.7,8.8,9.0,14,11.2,0.03,0.03,0.02,0.02,0.0,8.78,12,27,0
244,Ignazio Abate,AC Milan,1768.72,8.5,8.6,9.3,9.2,8.3,21,19.7,0.03,0.03,0.02,0.02,0.0,8.78,12,27,0
158,Edenílson Andrade dos Santos,Udinese,367.93,8.8,9.3,7.8,8.7,9.3,4,4.1,0.03,0.03,0.02,0.02,0.0,8.78,12,27,0
529,Theo Bernard François Hernández,France,437.93,8.8,8.8,8.8,8.8,8.4,5,4.9,0.03,0.03,0.02,0.02,0.0,8.72,43,106,0
420,Mário Rui Silva Duarte,Empoli,2510.55,9.3,8.6,8.9,8.1,8.7,27,27.9,0.03,0.03,0.02,0.02,0.0,8.72,12,27,0
31,Alex Nicolao Telles,Inter Milan,1261.87,9.2,8.5,7.8,9.1,8.9,16,14.0,0.03,0.03,0.02,0.02,0.0,8.7,12,27,0
236,Héctor Junior Firpo Adames,Barcelona,771.82,8.7,8.7,8.7,8.7,8.7,11,8.6,0.03,0.04,0.02,0.03,0.0,8.7,11,42,0
182,Fabrizio Cacciatore,Chievo,1876.62,8.6,8.8,8.7,8.9,8.5,22,20.9,0.03,0.03,0.02,0.02,0.0,8.7,12,27,0
290,Joshua Kimmich,Germany,490.92,8.6,8.4,8.8,8.8,8.8,5,5.5,0.04,0.04,0.03,0.03,0.0,8.68,55,282,0
52,Andrea Rispoli,Palermo,353.43,8.4,9.2,7.2,9.3,9.3,8,3.9,0.03,0.03,0.02,0.02,0.0,8.68,12,27,0
192,Federico Peluso,Sassuolo,2546.55,9.2,9.1,7.9,9.3,7.8,28,28.3,0.03,0.03,0.02,0.02,0.0,8.66,12,27,0
582,Ştefan Daniel Radu,Lazio,929.87,9.2,9.3,7.0,9.2,8.3,11,10.3,0.03,0.03,0.02,0.02,0.0,8.6,12,27,0
445,Nélson Cabral Semedo,Barcelona,1500.9,8.6,8.6,8.6,8.6,8.6,23,16.7,0.03,0.03,0.02,0.02,0.0,8.6,11,4,0
444,Nuno Mendes,Paris Saint-Germain,1020.62,8.6,8.6,8.6,8.6,8.6,16,11.3,0.04,0.04,0.03,0.03,0.0,8.6,7,108,0
293,Josip Stanišić,Bayer Leverkusen,378.92,8.6,8.6,8.6,8.6,8.6,5,4.2,0.03,0.04,0.03,0.02,0.0,8.6,9,281,0
381,Massimo Gobbi,Chievo,2267.4,9.3,8.2,8.1,8.7,8.7,26,25.2,0.03,0.03,0.02,0.02,0.0,8.6,12,27,0
319,Kolo Habib Touré,Arsenal,566.92,8.6,8.5,8.6,8.6,8.7,7,6.3,0.03,0.03,0.02,0.02,0.0,8.6,2,44,0
505,Sergi Roberto Carnicer,Barcelona,1432.7,8.6,8.6,8.6,8.6,8.6,17,15.9,0.03,0.03,0.02,0.02,0.0,8.6,11,4,0
282,Jordi Alba Ramos,Barcelona,2573.5,8.6,8.6,8.6,8.6,8.6,30,28.6,0.03,0.03,0.02,0.02,0.0,8.6,11,4,0
8,Achraf Hakimi Mouh,Paris Saint-Germain,1390.58,8.6,8.6,8.6,8.6,8.6,17,15.5,0.04,0.04,0.03,0.03,0.0,8.6,7,108,0
72,Ashley Cole,Arsenal,1964.6,8.7,8.7,8.7,8.7,8.1,22,21.8,0.03,0.03,0.02,0.02,0.0,8.58,2,44,0
89,Boukary Dramé,Atalanta,1652.68,9.2,8.8,8.8,8.8,7.3,19,18.4,0.03,0.03,0.02,0.02,0.0,8.58,12,27,0
151,Djamel Eddine Mesbah,Sampdoria,594.85,9.2,9.3,7.6,8.6,8.2,7,6.6,0.03,0.03,0.02,0.02,0.0,8.58,12,27,0
388,Mattia De Sciglio,AC Milan,1375.77,8.9,9.0,7.7,8.7,8.6,15,15.3,0.03,0.03,0.02,0.02,0.0,8.58,12,27,0
330,Luca Antonelli,AC Milan,1790.65,9.2,8.9,8.9,8.7,7.2,21,19.9,0.03,0.03,0.02,0.02,0.0,8.58,12,27,0
302,João Pedro Cavaco Cancelo,Portugal,335.93,8.7,8.3,8.6,8.8,8.5,4,3.7,0.03,0.03,0.02,0.02,0.0,8.58,43,106,0
121,Daniel Carvajal Ramos,Spain,385.95,8.5,8.8,8.0,8.8,8.8,4,4.3,0.04,0.04,0.03,0.03,0.0,8.58,55,282,0
466,Pedro Miguel Almeida Lopes Pereira,Sampdoria,660.87,8.6,9.3,7.7,9.3,8.0,9,7.3,0.03,0.03,0.02,0.02,0.0,8.58,12,27,0
422,Nathan Aké,Netherlands,384.98,8.8,8.8,8.8,8.8,7.6,5,4.3,0.04,0.04,0.03,0.03,0.0,8.56,55,282,0
122,Daniel Pavlovic,Frosinone,1522.77,9.2,8.1,7.9,8.3,9.3,17,16.9,0.03,0.03,0.02,0.02,0.0,8.56,12,27,0
311,Jules Koundé,France,408.85,8.8,8.8,8.8,8.8,7.6,5,4.5,0.03,0.03,0.02,0.02,0.0,8.56,43,106,0
174,Eros Pisano,Hellas Verona,2279.63,8.5,7.9,8.5,8.6,9.3,25,25.3,0.03,0.03,0.02,0.02,0.0,8.56,12,27,0
54,Andrei Florin Ratiu,Romania,361.97,8.7,8.8,8.8,8.8,7.7,4,4.0,0.04,0.04,0.03,0.03,0.0,8.56,55,282,0
387,Mattia Cassani,Sampdoria,1049.52,8.5,9.2,7.9,9.3,7.9,14,11.7,0.03,0.03,0.02,0.02,0.0,8.56,12,27,0
359,Marc Cucurella Saseta,Spain,462.92,8.8,8.8,8.0,8.8,8.4,5,5.1,0.04,0.04,0.03,0.03,0.0,8.56,55,282,0
323,Laureano Bisan-Etame Mayer,Arsenal,1871.65,8.7,8.7,7.9,8.7,8.7,21,20.8,0.03,0.03,0.02,0.02,0.0,8.54,2,44,0
164,Elseid Hysaj,Napoli,2878.58,8.5,9.3,8.9,8.7,7.3,32,32.0,0.03,0.03,0.02,0.02,0.0,8.54,12,27,0
218,Gaël Clichy,Arsenal,382.92,8.7,8.7,8.7,8.7,7.9,5,4.3,0.03,0.03,0.02,0.02,0.0,8.54,2,44,0
487,Riccardo Gagliolo,Carpi,522.9,9.1,8.1,8.4,8.3,8.8,6,5.8,0.03,0.03,0.02,0.02,0.0,8.54,12,27,0
65,Antonio Rüdiger,AS Roma,470.9,8.7,9.3,9.1,8.8,6.8,5,5.2,0.03,0.03,0.02,0.02,0.0,8.54,12,27,0
447,Odilon Kossonou,Bayer Leverkusen,285.95,8.5,8.6,8.6,8.6,8.4,3,3.2,0.03,0.04,0.03,0.02,0.0,8.54,9,281,0
187,Faouzi Ghoulam,Napoli,2505.6,9.2,9.3,7.6,8.9,7.6,29,27.8,0.03,0.03,0.02,0.02,0.0,8.52,12,27,0
40,Aljaž Struna,Palermo,1016.8,8.4,8.6,7.4,9.2,9.0,12,11.3,0.03,0.03,0.02,0.02,0.0,8.52,12,27,0
351,Luke Shaw,England,346.93,8.8,8.8,7.7,8.5,8.7,4,3.9,0.03,0.03,0.02,0.02,0.0,8.5,43,106,0
549,Vasco Regini,Sampdoria,849.88,9.1,9.1,8.4,9.2,6.7,10,9.4,0.03,0.03,0.02,0.02,0.0,8.5,12,27,0
485,Ricardo Iván Rodríguez Araya,Switzerland,374.93,8.8,8.8,7.7,8.4,8.8,4,4.2,0.03,0.03,0.02,0.02,0.0,8.5,43,106,0
580,Óscar Mingueza García,Barcelona,374.93,8.6,8.6,8.6,8.6,8.1,6,4.2,0.03,0.04,0.03,0.03,0.0,8.5,11,90,0
421,Nahuel Molina Lucero,Argentina,490.82,8.8,8.8,8.1,8.8,7.9,6,5.5,0.03,0.03,0.02,0.02,0.0,8.48,43,106,0
506,Sergino Dest,Barcelona,812.63,8.6,8.6,8.6,7.9,8.6,12,9.0,0.03,0.04,0.03,0.03,0.0,8.46,11,90,0
30,Alex Ferrari,Bologna,1001.18,8.5,8.6,8.6,8.9,7.7,16,11.1,0.03,0.03,0.02,0.02,0.0,8.46,12,27,0
139,Davide Santon,Inter Milan,728.62,8.5,8.7,7.9,9.0,8.2,9,8.1,0.03,0.03,0.02,0.02,0.0,8.46,12,27,0
10,Adam Masina,Bologna,1975.57,9.2,8.3,8.2,8.3,8.3,23,22.0,0.03,0.03,0.02,0.02,0.0,8.46,12,27,0
21,Alejandro Grimaldo García,Bayer Leverkusen,546.88,8.6,8.6,7.9,8.6,8.6,6,6.1,0.03,0.04,0.03,0.02,0.0,8.46,9,281,0
51,Andrea Masiello,Atalanta,1534.68,8.4,8.3,8.8,8.7,8.0,19,17.1,0.03,0.03,0.02,0.02,0.0,8.44,12,27,0
305,Juan Bernat Velasco,Paris Saint-Germain,717.95,8.6,8.6,7.8,8.6,8.6,10,8.0,0.04,0.04,0.03,0.03,0.0,8.44,7,108,0
366,Marcos Alonso Mendoza,Fiorentina,777.77,9.3,7.7,7.6,8.5,9.1,10,8.6,0.03,0.03,0.02,0.02,0.0,8.44,12,27,0
384,Matteo Ciofani,Frosinone,910.83,8.4,8.7,7.8,9.2,8.0,13,10.1,0.03,0.03,0.02,0.02,0.0,8.42,12,27,0
137,Davide Brivio,Atalanta,748.78,9.2,8.7,7.5,9.3,7.3,9,8.3,0.03,0.03,0.02,0.02,0.0,8.4,12,27,0
110,Cristian Daniel Ansaldi,Genoa,417.93,8.9,8.4,7.3,8.8,8.6,5,4.6,0.03,0.03,0.02,0.02,0.0,8.4,12,27,0
126,Danilo D''Ambrosio,Inter Milan,1204.78,8.6,8.4,8.9,8.6,7.5,15,13.4,0.03,0.03,0.02,0.02,0.0,8.4,12,27,0
292,Josip Juranović,Croatia,424.92,8.8,8.8,7.1,8.5,8.8,4,4.7,0.03,0.03,0.02,0.02,0.0,8.4,43,106,0
212,Gabriel Moisés Antunes da Silva,Carpi,564.82,9.2,7.9,7.2,8.6,9.1,10,6.3,0.03,0.03,0.02,0.02,0.0,8.4,12,27,0
519,Stephan Lichtsteiner,Juventus,501.67,8.5,8.8,8.1,8.5,8.1,7,5.6,0.03,0.03,0.02,0.02,0.0,8.4,12,27,0
357,Manuel Pasqual,Fiorentina,561.87,9.3,8.2,8.4,7.2,8.8,7,6.2,0.03,0.03,0.02,0.02,0.0,8.38,12,27,0
571,Yuto Nagatomo,Inter Milan,1499.35,8.8,8.6,8.1,9.0,7.4,19,16.7,0.03,0.03,0.02,0.02,0.0,8.38,12,27,0
19,Aleandro Rosi,Frosinone,2004.43,8.4,8.3,7.7,8.9,8.6,23,22.3,0.03,0.03,0.02,0.02,0.0,8.38,12,27,0
221,Gianpaolo Bellini,Atalanta,870.85,8.7,9.3,7.6,9.3,7.0,13,9.7,0.03,0.03,0.02,0.02,0.0,8.38,12,27,0
241,Ibrahima Mbaye,Bologna,527.93,8.6,8.7,8.4,9.2,6.8,7,5.9,0.03,0.03,0.02,0.02,0.0,8.34,12,27,0
502,Saud Abdullah Abdul Hamid,Saudi Arabia,292.95,8.4,8.6,7.1,8.8,8.8,3,3.3,0.03,0.03,0.02,0.02,0.0,8.34,43,106,0
195,Ferdi Erenay Kadıoğlu,Turkey,375.92,8.8,7.9,8.1,7.9,8.8,4,4.2,0.04,0.04,0.03,0.03,0.0,8.3,55,282,0
583,Šime Vrsaljko,Sassuolo,2297.6,8.4,8.7,7.5,8.5,8.3,26,25.5,0.03,0.03,0.02,0.02,0.0,8.28,12,27,0
500,Samuel Souprayen,Hellas Verona,1124.6,9.3,7.8,8.0,7.8,8.5,14,12.5,0.03,0.03,0.02,0.02,0.0,8.28,12,27,0
254,Iván Rodrigo Piris Leguizamón,Udinese,570.75,8.6,8.4,9.3,7.8,7.3,7,6.3,0.03,0.03,0.02,0.02,0.0,8.28,12,27,0
427,Nenad Tomović,Fiorentina,559.9,8.5,8.6,8.8,8.5,6.9,7,6.2,0.03,0.03,0.02,0.02,0.0,8.26,12,27,0
339,Lucas Digne,AS Roma,2663.48,9.2,8.5,7.5,7.9,8.2,30,29.6,0.03,0.03,0.02,0.02,0.0,8.26,12,27,0
184,Facundo Sebastián Roncaglia,Fiorentina,1082.8,8.6,8.7,8.8,8.6,6.6,12,12.0,0.03,0.03,0.02,0.02,0.0,8.26,12,27,0
394,Maximilian Mittelstädt,Germany,313.95,8.8,8.2,7.9,7.6,8.8,4,3.5,0.04,0.04,0.03,0.03,0.0,8.26,55,282,0
308,Juan Guilherme Nunes Jesus,Inter Milan,507.93,9.2,7.8,8.0,8.5,7.7,6,5.6,0.03,0.03,0.02,0.02,0.0,8.24,12,27,0
128,Danilo Luiz da Silva,Brazil,285.97,8.4,8.8,7.5,8.7,7.8,3,3.2,0.03,0.03,0.02,0.02,0.0,8.24,43,106,0
402,Michelangelo Albertazzi,Hellas Verona,388.8,9.3,7.9,7.0,8.2,8.7,6,4.3,0.03,0.03,0.02,0.02,0.0,8.22,12,27,0
360,Marcello Gazzola,Sassuolo,430.85,8.6,8.7,7.0,9.3,7.5,6,4.8,0.03,0.03,0.02,0.02,0.0,8.22,12,27,0
492,Roberto Crivello,Frosinone,1341.72,9.2,7.9,7.6,8.5,7.8,15,14.9,0.03,0.03,0.02,0.02,0.0,8.2,12,27,0
433,Nicolás Alejandro Tagliafico,Argentina,359.87,8.8,7.6,8.8,7.7,8.1,5,4.0,0.03,0.03,0.02,0.02,0.0,8.2,43,106,0
417,Moon-Hwan Kim,South Korea,290.93,8.0,8.2,8.7,8.5,7.6,3,3.2,0.03,0.03,0.02,0.02,0.0,8.2,43,106,0
115,Cristian Zaccardo,Carpi,905.65,8.6,8.1,8.0,7.7,8.6,10,10.1,0.03,0.03,0.02,0.02,0.0,8.2,12,27,0
103,Christian Maggio,Napoli,404.92,8.4,8.7,7.8,8.4,7.6,5,4.5,0.03,0.03,0.02,0.02,0.0,8.18,12,27,0
4,Abdoulay Konko,Lazio,1103.82,8.7,7.8,8.4,7.9,8.1,13,12.3,0.03,0.03,0.02,0.02,0.0,8.18,12,27,0
154,Dušan Basta,Lazio,1634.68,8.5,8.3,8.6,7.9,7.6,20,18.2,0.03,0.03,0.02,0.02,0.0,8.18,12,27,0
532,Thilo Kehrer,Paris Saint-Germain,606.87,8.6,8.6,8.5,7.0,8.1,11,6.7,0.04,0.04,0.03,0.03,0.0,8.16,7,108,0
554,Vincent Laurini,Empoli,1477.4,8.4,8.6,8.0,8.8,6.9,18,16.4,0.03,0.03,0.02,0.02,0.0,8.14,12,27,0
39,Alistair Johnston,Canada,279.95,7.9,8.5,7.6,8.6,8.1,3,3.1,0.03,0.03,0.02,0.02,0.0,8.14,43,106,0
160,Edson Braafheid,Lazio,295.88,8.3,8.5,8.7,7.6,7.5,4,3.3,0.03,0.03,0.02,0.02,0.0,8.12,12,27,0
551,Vassilis Torosidis,AS Roma,576.68,8.7,8.7,6.6,9.0,7.6,9,6.4,0.03,0.03,0.02,0.02,0.0,8.12,12,27,0
578,Éder Gabriel Militão,Brazil,262.97,7.8,8.5,8.8,8.1,7.4,3,2.9,0.03,0.03,0.02,0.02,0.0,8.12,43,106,0
365,Marco Zambelli,Empoli,1115.67,8.5,8.2,7.9,8.2,7.7,15,12.4,0.03,0.03,0.02,0.02,0.0,8.1,12,27,0
76,Bartosz Bereszyński,Poland,257.97,8.2,7.7,8.8,8.6,7.2,3,2.9,0.03,0.03,0.02,0.02,0.0,8.1,43,106,0
183,Fabrizio Poli,Carpi,435.9,8.9,8.0,7.8,7.5,8.1,5,4.8,0.03,0.03,0.02,0.02,0.0,8.06,12,27,0
368,Marcos Javier Acuña,Argentina,259.97,8.3,7.6,6.7,8.8,8.8,4,2.9,0.03,0.03,0.02,0.02,0.0,8.04,43,106,0
68,Armando Izzo,Genoa,359.95,8.7,7.2,9.3,7.4,7.5,5,4.0,0.03,0.03,0.02,0.02,0.0,8.02,12,27,0
428,Ngoran Suiru Fai Collins,Cameroon,279.97,7.9,8.0,8.4,8.0,7.8,3,3.1,0.03,0.03,0.02,0.02,0.0,8.02,43,106,0
463,Patricio Gabarrón Gil,Lazio,555.92,8.4,9.3,7.0,8.4,7.0,7,6.2,0.03,0.03,0.02,0.02,0.0,8.02,12,27,0
146,Denzel Dumfries,Netherlands,371.93,8.5,7.2,8.8,7.1,8.4,4,4.1,0.04,0.04,0.03,0.03,0.0,8.0,55,282,0
479,Raphaël Adelino José Guerreiro,Portugal,300.93,8.8,7.9,6.0,8.8,8.4,4,3.3,0.03,0.03,0.02,0.02,0.0,7.98,43,106,0
60,Antonee Robinson,United States,285.95,8.6,7.7,7.2,8.3,8.0,3,3.2,0.03,0.03,0.02,0.02,0.0,7.96,43,106,0
568,Youssouf Sabaly,Senegal,287.93,8.1,7.5,7.9,8.2,8.0,3,3.2,0.03,0.03,0.02,0.02,0.0,7.94,43,106,0
546,Urby Emanuelson,Hellas Verona,271.98,8.2,8.5,6.7,9.0,7.3,3,3.0,0.03,0.03,0.02,0.02,0.0,7.94,12,27,0
328,Lorenzo De Silvestri,Sampdoria,556.9,8.5,8.1,7.4,8.0,7.7,7,6.2,0.03,0.03,0.02,0.02,0.0,7.94,12,27,0
336,Luca Rossettini,Bologna,1077.83,8.5,7.5,8.3,7.1,8.2,12,12.0,0.03,0.03,0.02,0.02,0.0,7.92,12,27,0
432,Nicolas Sebastian Frey,Chievo,1323.65,8.4,8.1,6.2,8.0,8.7,17,14.7,0.03,0.03,0.02,0.02,0.0,7.88,12,27,0
250,Ivan Perišić,Croatia,305.95,8.8,6.6,8.8,6.4,8.8,3,3.4,0.03,0.03,0.02,0.02,0.0,7.88,43,106,0
441,Nouhou Tolo,Cameroon,279.92,8.5,8.4,7.6,7.7,7.2,3,3.1,0.03,0.03,0.02,0.02,0.0,7.88,43,106,0
74,Aziz Eraltay Behich,Australia,289.93,8.7,7.9,8.8,7.3,6.7,3,3.2,0.03,0.03,0.02,0.02,0.0,7.88,43,106,0
295,José Diogo Dalot Teixeira,Portugal,265.92,7.7,7.9,7.7,7.8,8.2,3,3.0,0.03,0.03,0.02,0.02,0.0,7.86,43,106,0
321,Kyle Walker,England,298.97,7.9,7.7,8.4,8.1,7.1,3,3.3,0.04,0.04,0.03,0.03,0.0,7.84,55,282,0
50,Andrea Conti,Atalanta,347.92,8.4,8.3,7.6,7.5,7.4,5,3.9,0.03,0.03,0.02,0.02,0.0,7.84,12,27,0
135,David Raum,Germany,243.98,8.2,7.3,7.1,7.6,8.8,3,2.7,0.03,0.03,0.02,0.02,0.0,7.8,43,106,0
66,Archimede Morleo,Bologna,310.98,8.6,6.9,7.5,7.5,8.5,4,3.5,0.03,0.03,0.02,0.02,0.0,7.8,12,27,0
6,Abdul Rahman Baba,Ghana,196.97,7.5,6.8,8.8,7.1,8.7,2,2.2,0.03,0.03,0.02,0.02,0.0,7.78,43,106,0
230,Guillermo Varela Olivera,Uruguay,197.93,7.1,7.8,8.4,7.7,7.9,2,2.2,0.03,0.03,0.02,0.02,0.0,7.78,43,106,0
517,Stefan Posch,Austria,286.95,7.9,7.5,7.9,7.1,8.2,3,3.2,0.04,0.04,0.03,0.03,0.0,7.72,55,282,0
331,Luca Bittante,Empoli,353.42,8.3,7.4,7.1,7.8,8.0,10,3.9,0.03,0.03,0.02,0.02,0.0,7.72,12,27,0
271,Jin-Su Kim,South Korea,243.93,8.1,7.5,6.9,7.2,8.8,3,2.7,0.03,0.03,0.02,0.02,0.0,7.7,43,106,0
474,Presnel Kimpembe,Paris Saint-Germain,207.9,7.5,7.6,8.0,8.1,7.3,3,2.3,0.04,0.04,0.03,0.03,0.0,7.7,7,108,0
378,Martín Montoya Torralbo,Inter Milan,261.97,7.4,7.8,7.2,8.4,7.6,3,2.9,0.03,0.03,0.02,0.02,0.0,7.68,12,27,0
84,Birger Meling,Rennes,182.95,7.2,7.0,8.6,7.3,8.3,2,2.0,0.04,0.04,0.03,0.03,0.0,7.68,7,108,0
389,Matty Cash,Poland,272.98,7.9,7.3,7.4,7.5,8.0,3,3.0,0.03,0.03,0.02,0.02,0.0,7.62,43,106,0
472,Piero Martín Hincapié Reyna,Bayer Leverkusen,264.8,8.6,8.0,6.8,7.7,7.0,5,2.9,0.03,0.04,0.03,0.02,0.0,7.62,9,281,0
301,José Ángel Valdés Díaz,Eibar,184.97,8.0,7.0,7.4,6.9,8.6,2,2.1,0.03,0.03,0.02,0.02,0.0,7.58,11,4,0
156,Dávid Hancko,Slovakia,279.97,8.3,7.4,7.1,6.9,8.1,3,3.1,0.04,0.04,0.03,0.03,0.0,7.56,55,282,0
435,Nicușor Silviu Bancu,Romania,268.97,8.2,7.5,6.8,7.7,7.5,3,3.0,0.04,0.04,0.03,0.03,0.0,7.54,55,282,0
251,Ivan Strinić,Napoli,252.97,7.8,8.1,8.4,7.0,6.4,5,2.8,0.03,0.03,0.02,0.02,0.0,7.54,12,27,0
234,Houboulang Mendes,Lorient,181.97,6.9,7.8,7.7,7.7,7.6,2,2.0,0.04,0.04,0.03,0.03,0.0,7.54,7,108,0
274,John Arne Semundseth Riise,Liverpool,183.97,7.2,7.0,8.7,6.2,8.6,2,2.0,0.03,0.03,0.02,0.02,0.0,7.54,2,44,0
453,Omar Haktab Traorè,FC Heidenheim,185.97,7.3,7.2,7.2,8.2,7.8,2,2.1,0.03,0.04,0.03,0.02,0.0,7.54,9,281,0
226,Giuseppe Pezzella,Palermo,260.97,7.9,7.3,6.7,8.1,7.7,3,2.9,0.03,0.03,0.02,0.02,0.0,7.54,12,27,0
22,Alejandro Moreno Lopera,Real Betis,187.97,7.3,7.1,8.0,8.4,6.8,2,2.1,0.03,0.04,0.03,0.03,0.0,7.52,11,90,0
312,Julian Ryerson,Borussia Dortmund,185.97,7.7,8.2,8.1,6.7,6.9,2,2.1,0.03,0.04,0.03,0.02,0.0,7.52,9,281,0
373,Marius Wolf,Borussia Dortmund,148.97,6.9,6.8,8.5,7.4,8.0,2,1.7,0.03,0.04,0.03,0.02,0.0,7.52,9,281,0
88,Borna Sosa,Croatia,252.97,8.2,7.4,7.6,6.9,7.5,3,2.8,0.03,0.03,0.02,0.02,0.0,7.52,43,106,0
114,Cristian Raimondi,Atalanta,293.9,7.9,7.9,7.5,7.5,6.6,7,3.3,0.03,0.03,0.02,0.02,0.0,7.48,12,27,0
161,Eduardo Camavinga,France,179.97,7.3,7.9,7.4,8.0,6.8,2,2.0,0.03,0.03,0.02,0.02,0.0,7.48,43,106,0
75,Bafodé Diakité,Lille,153.0,7.0,8.0,7.5,8.3,6.4,2,1.7,0.03,0.04,0.03,0.03,0.0,7.44,7,235,0
478,Ramin Rezaeian,Iran,200.97,7.0,7.1,7.9,6.9,8.3,2,2.2,0.03,0.03,0.02,0.02,0.0,7.44,43,106,0
415,Mohamed Youssouf,AC Ajaccio,176.98,7.3,7.9,7.7,7.5,6.7,2,2.0,0.03,0.04,0.03,0.03,0.0,7.42,7,235,0
116,Cristiano Piccini,Valencia,178.98,7.2,7.9,8.2,7.4,6.4,2,2.0,0.03,0.03,0.02,0.02,0.0,7.42,11,4,0
514,Simone Padoin,Juventus,269.97,7.3,7.7,6.7,8.5,6.8,3,3.0,0.03,0.03,0.02,0.02,0.0,7.4,12,27,0
243,Ignacio Vidal Miralles,Osasuna,178.9,6.8,6.4,8.4,7.4,7.9,2,2.0,0.03,0.04,0.03,0.03,0.0,7.38,11,90,0
231,Hamari Traoré,Rennes,191.97,7.0,7.1,7.8,7.1,7.9,2,2.1,0.04,0.04,0.03,0.03,0.0,7.38,7,108,0
77,Ben Davies,Wales,254.97,8.2,7.6,7.0,7.4,6.7,3,2.8,0.03,0.03,0.02,0.02,0.0,7.38,43,106,0
489,Ridle Bote Baku,Wolfsburg,182.98,7.3,6.6,8.1,6.3,8.6,2,2.0,0.03,0.04,0.03,0.02,0.0,7.38,9,281,0
555,Vincent Le Goff,Lorient,180.9,7.2,6.6,8.5,7.0,7.4,2,2.0,0.04,0.04,0.03,0.03,0.0,7.34,7,108,0
371,Mario Mitaj,Albania,285.95,8.3,8.2,7.0,7.0,6.1,3,3.2,0.04,0.04,0.03,0.03,0.0,7.32,55,282,0
386,Matthias Bader,Darmstadt 98,186.97,7.4,6.6,8.1,7.0,7.3,2,2.1,0.03,0.04,0.03,0.02,0.0,7.28,9,281,0
450,Oleksandr Zinchenko,Ukraine,183.95,7.3,6.9,8.0,6.9,7.2,2,2.0,0.04,0.04,0.03,0.03,0.0,7.26,55,282,0
298,José Luis Gayà Peña,Valencia,166.0,7.0,6.1,8.2,7.2,7.6,2,1.8,0.03,0.04,0.03,0.03,0.0,7.22,11,90,0
480,Rasmus Carstensen,FC Köln,180.93,7.3,6.1,7.4,8.0,7.2,2,2.0,0.03,0.04,0.03,0.02,0.0,7.2,9,281,0
32,Alex Sandro Lobo Silva,Brazil,195.95,7.4,7.7,6.7,7.5,6.7,3,2.2,0.03,0.03,0.02,0.02,0.0,7.2,43,106,0
400,Michael Tarnat,Manchester City,188.97,7.2,6.4,7.3,6.3,8.7,2,2.1,0.03,0.03,0.02,0.02,0.0,7.18,2,44,0
165,Emerson Aparecido Leite de Souza Junior,Real Betis,186.95,6.9,6.6,8.1,7.5,6.8,2,2.1,0.03,0.04,0.03,0.03,0.0,7.18,11,90,0
170,Emir Karic,Darmstadt 98,158.97,7.3,7.1,7.4,7.4,6.7,2,1.8,0.03,0.04,0.03,0.02,0.0,7.18,9,281,0
46,Ander Capa Rodríguez,Athletic Club,174.97,6.8,6.9,8.0,7.9,6.3,2,1.9,0.03,0.04,0.03,0.03,0.0,7.18,11,90,0
214,Gary Alexis Medel Soto,Inter Milan,189.95,6.8,7.5,7.7,7.6,6.0,2,2.1,0.03,0.03,0.02,0.02,0.0,7.12,12,27,0
276,Jonas Föhrenbach,FC Heidenheim,190.95,7.8,6.5,6.8,6.8,7.5,2,2.1,0.03,0.04,0.03,0.02,0.0,7.08,9,281,0
245,Ismail Jakobs,Senegal,192.82,7.4,6.5,7.1,6.8,7.5,3,2.1,0.03,0.03,0.02,0.02,0.0,7.06,43,106,1
285,Jorge Miramón Santagertrudis,Levante UD,178.97,6.4,7.3,8.7,6.7,6.2,2,2.0,0.03,0.04,0.02,0.03,0.0,7.06,11,42,1
326,Lee Naylor,Wolverhampton Wanderers,180.98,7.0,6.5,7.2,6.3,8.3,2,2.0,0.03,0.03,0.02,0.02,0.0,7.06,2,44,1
225,Giovanni Pasquale,Udinese,177.63,6.9,6.1,7.4,6.5,8.1,4,2.0,0.03,0.03,0.02,0.02,0.0,7.0,12,27,1
541,Timothy Weah,Lille,96.98,6.5,6.5,7.7,6.7,7.6,1,1.1,0.03,0.04,0.03,0.03,0.0,7.0,7,235,1
382,Mathías Olivera Miramontes,Uruguay,182.98,7.3,7.4,6.5,6.2,7.6,2,2.0,0.03,0.03,0.02,0.02,0.0,7.0,43,106,1
196,Ferland Mendy,Real Madrid,186.95,7.3,7.3,7.1,6.4,6.9,2,2.1,0.03,0.04,0.03,0.03,0.0,7.0,11,90,1
287,Joseba Zaldúa Bengoetxea,Real Sociedad,183.93,7.3,6.3,7.1,8.1,6.2,2,2.0,0.03,0.03,0.02,0.02,0.0,7.0,11,4,1
469,Peter Pekarík,Slovakia,293.95,8.0,6.4,6.4,7.0,7.1,3,3.3,0.04,0.04,0.03,0.03,0.0,6.98,55,282,1
237,Iago Amaral Borduchi,Augsburg,180.98,7.7,6.9,7.0,6.3,6.9,2,2.0,0.03,0.04,0.03,0.02,0.0,6.96,9,281,1
246,Ismaily Gonçalves dos Santos,Lille,88.0,6.4,6.9,7.9,6.7,6.8,1,1.0,0.03,0.04,0.03,0.03,0.0,6.94,7,235,1
533,Thomas Foket,Stade de Reims,91.98,6.3,6.9,8.2,6.4,6.9,1,1.0,0.03,0.04,0.03,0.03,0.0,6.94,7,235,1
173,Erik Janža,Slovenia,184.97,7.3,6.0,7.3,6.5,7.5,2,2.1,0.04,0.04,0.03,0.03,0.0,6.92,55,282,1
565,Yahia Attiyat allah,Morocco,190.95,7.4,6.2,6.9,6.8,7.3,2,2.1,0.03,0.03,0.02,0.02,0.0,6.92,43,106,1
267,Jesús Daniel Gallardo Vasconcelos,Mexico,189.97,7.4,6.1,8.0,6.2,6.8,2,2.1,0.03,0.03,0.02,0.02,0.0,6.9,43,106,1
395,Maximilian Wittek,Bochum,93.98,6.5,6.8,6.2,6.8,8.2,1,1.0,0.03,0.04,0.03,0.02,0.0,6.9,9,281,1
217,Gary Oliver Kelly,Leeds United,181.95,6.6,6.4,6.7,6.6,8.2,2,2.0,0.03,0.03,0.02,0.02,0.0,6.9,2,44,1
224,Giovanni Di Lorenzo,Italy,180.97,6.9,6.8,7.1,6.9,6.7,2,2.0,0.04,0.04,0.03,0.03,0.0,6.88,55,282,1
411,Miloš Degenek,Australia,178.93,6.8,6.4,7.1,6.7,7.4,3,2.0,0.03,0.03,0.02,0.02,0.0,6.88,43,106,1
300,José Rodolfo Pires Ribeiro,Sampdoria,263.95,7.9,7.4,6.1,5.6,7.4,3,2.9,0.03,0.03,0.02,0.02,0.0,6.88,12,27,1
468,Pervis Josué Estupiñán Tenorio,Villarreal,128.93,6.7,6.6,6.3,7.5,7.1,2,1.4,0.03,0.04,0.03,0.03,0.0,6.84,11,90,1
397,Mehmet Zeki Çelik,Lille,178.98,6.9,6.3,6.9,6.5,7.6,2,2.0,0.04,0.04,0.03,0.03,0.0,6.84,7,108,1
443,Nuno Albertino Varela Tavares,Marseille,90.98,6.4,6.9,7.4,6.7,6.7,1,1.0,0.03,0.04,0.03,0.03,0.0,6.82,7,235,1
442,Noussair Mazraoui,Morocco,170.98,7.1,6.9,6.4,7.9,5.8,2,1.9,0.03,0.03,0.02,0.02,0.0,6.82,43,106,1
494,Rubén Duarte Sánchez,Deportivo Alavés,183.97,7.7,7.0,6.3,6.7,6.4,2,2.0,0.03,0.03,0.02,0.02,0.0,6.82,11,4,1
367,Marcos Aoás Corrêa,Paris Saint-Germain,93.98,6.4,6.5,8.1,7.2,5.9,1,1.0,0.03,0.04,0.03,0.03,0.0,6.82,7,235,1
393,Max Finkgräfe,FC Köln,90.98,6.4,6.3,7.2,7.7,6.4,1,1.0,0.03,0.04,0.03,0.02,0.0,6.8,9,281,1
198,Filipe Luís Kasmirski,Atlético Madrid,148.98,7.2,6.5,7.5,6.4,6.4,2,1.7,0.03,0.03,0.02,0.02,0.0,6.8,11,4,1
270,Jihai Sun,Manchester City,182.97,6.7,6.4,6.8,6.3,7.8,2,2.0,0.03,0.03,0.02,0.02,0.0,6.8,2,44,1
493,Roberto Vitiello,Palermo,245.97,7.2,7.2,5.8,6.5,7.2,3,2.7,0.03,0.03,0.02,0.02,0.0,6.78,12,27,1
399,Mert Müldür,Turkey,177.98,6.8,7.4,6.1,6.6,6.9,2,2.0,0.04,0.04,0.03,0.03,0.0,6.76,55,282,1
129,Danilo Luís Hélio Pereira,Paris Saint-Germain,184.97,7.1,7.8,6.2,6.1,6.6,2,2.1,0.04,0.04,0.03,0.03,0.0,6.76,7,108,1
42,Alphonso Davies,Bayern Munich,95.98,6.5,6.9,6.6,7.1,6.6,1,1.1,0.03,0.04,0.03,0.02,0.0,6.74,9,281,1
556,Vitorino Gabriel Pacheco Antunes,Getafe,92.98,6.3,6.0,7.6,6.5,7.2,1,1.0,0.03,0.03,0.02,0.02,0.0,6.72,11,4,1
299,José Luis Morales Nogales,Levante UD,90.98,6.1,6.9,6.3,7.5,6.8,1,1.0,0.03,0.03,0.02,0.02,0.0,6.72,11,4,1
82,Bernardo Fernandes da Silva Junior,Bochum,132.98,7.0,6.6,6.4,6.5,7.0,2,1.5,0.03,0.04,0.03,0.02,0.0,6.7,9,281,1
3,Abdou Diallo,Paris Saint-Germain,176.95,7.2,7.5,5.9,6.2,6.7,3,2.0,0.04,0.04,0.03,0.03,0.0,6.7,7,108,1
34,Alexander Prass,Austria,168.95,7.1,6.3,6.2,6.4,7.5,3,1.9,0.04,0.04,0.03,0.03,0.0,6.7,55,282,1
90,Bruno Miguel Borges Fernandes,Portugal,95.98,6.0,6.4,7.0,6.5,7.5,1,1.1,0.03,0.03,0.02,0.02,0.0,6.68,43,106,1
35,Alfonso Pedraza Sag,Villarreal,89.93,6.3,6.4,7.5,7.2,6.0,1,1.0,0.03,0.03,0.02,0.02,0.0,6.68,11,4,1
266,Jeremie Frimpong,Bayer Leverkusen,84.0,6.2,6.3,5.4,7.5,8.0,1,0.9,0.03,0.04,0.03,0.02,0.0,6.68,9,281,1
406,Mihailo Ristić,Montpellier,91.98,6.3,6.0,7.9,6.0,7.1,1,1.0,0.04,0.04,0.03,0.03,0.0,6.66,7,108,1
584,Žan Karničnik,Slovenia,186.97,6.9,6.4,7.2,6.2,6.6,2,2.1,0.04,0.04,0.03,0.03,0.0,6.66,55,282,1
383,Matteo Bianchetti,Hellas Verona,200.9,6.8,6.4,8.3,6.0,5.8,3,2.2,0.03,0.03,0.02,0.02,0.0,6.66,12,27,1
5,Abdoulaye Bamba,Angers,93.98,6.3,7.0,6.8,7.2,6.0,1,1.0,0.03,0.04,0.03,0.03,0.0,6.66,7,235,1
278,Jonathan Ludovic Biabiany,Inter Milan,196.85,6.7,5.5,6.4,6.4,8.2,5,2.2,0.03,0.03,0.02,0.02,0.0,6.64,12,27,1
273,Joan Sastre Vanrell,Mallorca,139.98,6.4,6.2,7.7,6.3,6.6,2,1.6,0.03,0.04,0.02,0.03,0.0,6.64,11,42,1
486,Riccardo Fiamozzi,Genoa,210.95,6.9,6.8,5.7,7.9,5.9,3,2.3,0.03,0.03,0.02,0.02,0.0,6.64,12,27,1
109,Connor Roberts,Wales,156.97,6.7,6.1,6.1,7.4,6.9,2,1.7,0.03,0.03,0.02,0.02,0.0,6.64,43,106,1
117,César Azpilicueta Tanco,Spain,143.98,6.5,7.6,5.2,7.5,6.3,2,1.6,0.03,0.03,0.02,0.02,0.0,6.62,43,106,1
538,Théo Sainte-Luce,Montpellier,83.0,6.3,6.8,7.2,7.1,5.7,1,0.9,0.03,0.04,0.03,0.03,0.0,6.62,7,235,1
145,Dennis Appiah,Nantes,91.98,6.5,6.2,7.5,5.6,7.3,1,1.0,0.03,0.04,0.03,0.03,0.0,6.62,7,235,1
318,Kiliann Sildillia,Freiburg,92.98,6.3,6.5,7.2,6.4,6.6,1,1.0,0.03,0.04,0.03,0.02,0.0,6.6,9,281,1
317,Kieran Trippier,England,156.95,6.9,6.2,6.0,6.8,7.1,2,1.7,0.04,0.04,0.03,0.03,0.0,6.6,55,282,1
354,Mads Pedersen,Augsburg,89.98,6.3,6.1,6.6,7.8,6.2,1,1.0,0.03,0.04,0.03,0.02,0.0,6.6,9,281,1
79,Benjamin Henrichs,RB Leipzig,115.82,6.5,6.5,6.2,6.5,7.2,2,1.3,0.03,0.04,0.03,0.02,0.0,6.58,9,281,1
438,Noah Fadiga,Stade Brestois,78.0,6.3,6.8,7.0,7.1,5.7,1,0.9,0.03,0.04,0.03,0.03,0.0,6.58,7,235,1
204,Francisco Gámez López,Mallorca,138.97,6.1,6.8,7.4,6.3,6.3,2,1.5,0.03,0.04,0.02,0.03,0.0,6.58,11,42,1
277,Jonathan Clauss,Marseille,119.97,6.7,7.0,5.5,6.5,7.2,2,1.3,0.03,0.04,0.03,0.03,0.0,6.58,7,235,1
508,Sergio Reguilón Rodríguez,Real Madrid,93.98,6.3,6.8,6.4,6.5,6.8,1,1.0,0.03,0.03,0.02,0.02,0.0,6.56,11,4,1
1,Aarón Martín Caricol,Celta Vigo,92.98,6.2,6.5,7.2,7.2,5.7,1,1.0,0.03,0.04,0.03,0.03,0.0,6.56,11,90,1
563,Wayne Bridge,Chelsea,176.98,7.0,6.4,5.9,6.4,7.1,2,2.0,0.03,0.03,0.02,0.02,0.0,6.56,2,44,1
344,Lucas Vázquez Iglesias,Real Madrid,93.98,6.1,6.5,6.5,7.2,6.5,2,1.0,0.03,0.04,0.03,0.03,0.0,6.56,11,90,1
345,Luis Carlos Correia Pinto,Huesca,89.98,6.3,6.9,8.5,5.4,5.6,1,1.0,0.03,0.03,0.02,0.02,0.0,6.54,11,4,1
570,Yuri Berchiche Izeta,Athletic Club,120.98,6.6,6.8,5.6,7.2,6.5,2,1.3,0.03,0.04,0.03,0.03,0.0,6.54,11,90,1
325,Leart Paqarada,FC Köln,109.95,6.7,6.6,5.4,6.9,7.1,2,1.2,0.03,0.04,0.03,0.02,0.0,6.54,9,281,1
260,Javier Galán Gil,Huesca,90.98,6.2,6.3,7.5,6.7,6.0,1,1.0,0.03,0.04,0.03,0.03,0.0,6.54,11,90,1
495,Rubén Peña Jiménez,Eibar,92.98,6.0,6.1,7.4,6.2,6.9,1,1.0,0.03,0.03,0.02,0.02,0.0,6.52,11,4,1
120,Daniel Alves da Silva,Brazil,130.97,6.4,6.8,5.9,6.8,6.7,2,1.5,0.03,0.03,0.02,0.02,0.0,6.52,43,106,1
369,Mario Gaspar Pérez Martínez,Villarreal,94.82,6.1,6.2,8.1,5.8,6.4,2,1.1,0.03,0.04,0.03,0.03,0.0,6.52,11,90,1
377,Martín Aguirregabiria Padilla,Deportivo Alavés,185.95,6.5,6.7,6.3,6.9,6.2,2,2.1,0.03,0.04,0.02,0.03,0.0,6.52,11,42,1
530,Thibault De Smet,Stade de Reims,93.98,6.5,6.6,6.3,6.9,6.3,1,1.0,0.03,0.04,0.03,0.03,0.0,6.52,7,235,1
264,Jean-Kevin Duverne,Stade Brestois,91.97,6.5,6.8,6.5,6.6,6.1,1,1.0,0.03,0.04,0.03,0.03,0.0,6.5,7,235,1
536,Thomas Teye Partey,Atlético Madrid,91.98,6.1,6.5,6.8,6.6,6.5,1,1.0,0.03,0.03,0.02,0.02,0.0,6.5,11,4,1
358,Manuel Sánchez De La Peña,Osasuna,90.98,6.2,6.4,6.5,7.0,6.4,1,1.0,0.03,0.04,0.03,0.03,0.0,6.5,11,90,1
349,Lukas Kübler,Freiburg,95.98,6.5,6.8,5.4,7.3,6.5,1,1.1,0.03,0.04,0.03,0.02,0.0,6.5,9,281,1
64,Antonio Manuel Luna Rodríguez,Levante UD,87.0,6.2,6.8,8.0,5.4,6.1,1,1.0,0.03,0.03,0.02,0.02,0.0,6.5,11,4,1
283,Jorge Andújar Moreno,Levante UD,111.97,6.3,6.7,6.4,6.5,6.5,2,1.2,0.03,0.03,0.02,0.02,0.0,6.48,11,4,1
440,Nordi Mukiele Mulere,Paris Saint-Germain,92.98,6.3,7.0,6.9,5.5,6.7,1,1.0,0.03,0.04,0.03,0.03,0.0,6.48,7,235,1
410,Milad Mohammadi,Iran,145.98,6.9,6.6,6.7,6.1,6.1,2,1.6,0.03,0.03,0.02,0.02,0.0,6.48,43,106,1
47,Andoni Gorosabel Espinosa,Real Sociedad,93.98,6.0,5.4,8.1,6.2,6.6,1,1.0,0.03,0.04,0.03,0.03,0.0,6.46,11,90,1
557,Vivaldo Borges dos Santos Neto,Clermont Foot,86.0,6.5,5.5,7.6,5.9,6.8,1,1.0,0.03,0.04,0.03,0.03,0.0,6.46,7,235,1
539,Timothee Pembele,Paris Saint-Germain,147.0,7.0,6.7,6.8,5.5,6.3,2,1.6,0.03,0.04,0.03,0.03,0.0,6.46,7,235,1
157,Dídac Vilá Rosselló,Espanyol,94.98,6.3,6.4,6.6,6.4,6.6,1,1.1,0.03,0.03,0.02,0.02,0.0,6.46,11,4,1
93,Bukayo Saka,England,116.98,6.3,6.7,6.1,6.1,7.1,1,1.3,0.04,0.04,0.03,0.03,0.0,6.46,55,282,1
150,Diogo José Rosário Gomes Figueiras,Genoa,192.98,6.6,6.3,5.8,7.0,6.5,3,2.1,0.03,0.03,0.02,0.02,0.0,6.44,12,27,1
215,Gary Naysmith,Everton,119.88,6.2,6.0,5.9,5.9,8.2,2,1.3,0.03,0.03,0.02,0.02,0.0,6.44,2,44,1
119,Damián Nicolás Suárez Suárez,Getafe,91.98,6.1,6.2,6.5,6.3,7.1,1,1.0,0.03,0.04,0.03,0.03,0.0,6.44,11,90,1
268,Jesús Navas González,Spain,160.88,6.6,6.8,5.7,5.7,7.4,3,1.8,0.04,0.04,0.03,0.03,0.0,6.44,55,282,1
63,Antonio Latorre Grueso,Valencia,90.98,6.2,6.7,7.9,6.0,5.4,1,1.0,0.03,0.03,0.02,0.02,0.0,6.44,11,4,1
562,Warren Zaire Emery,Paris Saint-Germain,161.7,7.1,5.5,7.0,5.5,7.0,4,1.8,0.03,0.04,0.03,0.03,0.0,6.42,7,235,1
548,Valery Fernández Estrada,Girona,90.98,6.3,6.9,6.4,5.9,6.6,1,1.0,0.03,0.03,0.02,0.02,0.0,6.42,11,4,1
346,Luis Jan Piers Advíncula Castrillón,Rayo Vallecano,89.0,6.0,6.8,6.4,6.8,6.1,1,1.0,0.03,0.03,0.02,0.02,0.0,6.42,11,4,1
179,Fabien Centonze,Nantes,93.97,6.4,6.1,7.3,6.4,5.9,1,1.0,0.03,0.04,0.03,0.03,0.0,6.42,7,235,1
14,Akim Zedadka,Clermont Foot,89.0,6.1,6.6,6.2,6.5,6.6,1,1.0,0.04,0.04,0.03,0.03,0.0,6.4,7,108,1
327,Leonidas Stergiou,VfB Stuttgart,92.87,6.4,6.3,5.5,7.3,6.5,2,1.0,0.03,0.04,0.03,0.02,0.0,6.4,9,281,1
229,Gonzalo Ariel Montiel,Argentina,116.92,6.3,6.8,5.5,6.8,6.6,3,1.3,0.03,0.03,0.02,0.02,0.0,6.4,43,106,1
210,Gabriel Gudmundsson,Lille,91.98,6.2,5.4,7.0,7.0,6.3,1,1.0,0.04,0.04,0.03,0.03,0.0,6.38,7,108,1
356,Malo Gusto,Lyon,94.98,6.1,6.4,6.2,6.6,6.5,1,1.1,0.04,0.04,0.03,0.03,0.0,6.36,7,108,1
407,Mikel Balenziaga Oruesagasti,Athletic Club,92.98,6.2,6.1,7.7,6.4,5.4,1,1.0,0.03,0.03,0.02,0.02,0.0,6.36,11,4,1
431,Nicolas Louis Marcel Cozza,Montpellier,88.0,6.4,6.7,6.1,7.1,5.5,1,1.0,0.03,0.04,0.03,0.03,0.0,6.36,7,235,1
185,Falaye Sacko,Saint-Étienne,91.98,6.1,6.0,6.7,5.9,7.1,1,1.0,0.04,0.04,0.03,0.03,0.0,6.36,7,108,1
286,Jorge Pulido Mayoral,Huesca,88.0,6.0,6.8,6.1,6.8,6.0,1,1.0,0.03,0.03,0.02,0.02,0.0,6.34,11,4,1
342,Lucas René Olaza Catrofe,Celta Vigo,90.98,6.2,6.5,6.6,6.4,6.0,1,1.0,0.03,0.04,0.03,0.03,0.0,6.34,11,90,1
12,Adrián Marín Gómez,Deportivo Alavés,89.97,5.7,6.5,6.2,6.7,6.6,1,1.0,0.03,0.04,0.02,0.03,0.0,6.34,11,42,1
87,Borna Barišić,Croatia,119.98,6.6,6.4,5.9,6.1,6.6,1,1.3,0.03,0.03,0.02,0.02,0.0,6.32,43,106,1
343,Lucas Silva Melo,Eintracht Frankfurt,94.98,6.3,6.4,6.2,6.7,6.0,1,1.1,0.03,0.04,0.03,0.02,0.0,6.32,9,281,1
497,Sacha Boey,Bayern Munich,79.0,6.3,6.6,5.4,7.5,5.8,1,0.9,0.03,0.04,0.03,0.02,0.0,6.32,9,281,1
398,Melvin Bard,OGC Nice,92.98,6.3,6.6,5.4,6.5,6.7,1,1.0,0.04,0.04,0.03,0.03,0.0,6.3,7,108,1
501,Santiago Arias Naranjo,Atlético Madrid,125.98,6.6,6.7,5.4,6.2,6.6,2,1.4,0.03,0.03,0.02,0.02,0.0,6.3,11,4,1
511,Simon Charlton,Bolton Wanderers,91.98,5.8,6.1,6.3,5.8,7.5,1,1.0,0.03,0.03,0.02,0.02,0.0,6.3,2,44,1
216,Gary Neville,Manchester United,91.98,5.6,6.2,7.0,6.2,6.5,1,1.0,0.03,0.03,0.02,0.02,0.0,6.3,2,44,1
483,Reinildo Isnard Mandava,Lille,94.98,6.3,6.0,6.7,6.2,6.3,1,1.1,0.04,0.04,0.03,0.03,0.0,6.3,7,108,1
20,Alejandro Balde Martínez,Spain,113.97,6.5,6.5,6.2,6.6,5.7,3,1.3,0.03,0.03,0.02,0.02,0.0,6.3,43,106,1
281,Jordan Stewart,Leicester City,91.98,5.8,5.7,7.8,5.6,6.6,1,1.0,0.03,0.03,0.02,0.02,0.0,6.3,2,44,1
507,Sergio Escudero Palomo,Sevilla,91.98,6.3,5.9,7.3,6.0,6.0,1,1.0,0.03,0.04,0.03,0.03,0.0,6.3,11,90,1
265,Jeison Fabián Murillo Cerón,Inter Milan,180.98,6.6,6.8,6.1,6.7,5.2,2,2.0,0.03,0.03,0.02,0.02,0.0,6.28,12,27,1
201,Flavius Daniliuc,OGC Nice,77.0,6.0,6.4,6.3,6.7,6.0,1,0.9,0.04,0.04,0.03,0.03,0.0,6.28,7,108,1
465,Pedro Antonio Porro Sauceda,Girona,91.98,6.0,6.1,6.5,6.5,6.3,1,1.0,0.03,0.03,0.02,0.02,0.0,6.28,11,4,1
542,Timothée Kolodziejczak,Saint-Étienne,91.98,6.3,5.9,6.3,5.8,7.1,1,1.0,0.04,0.04,0.03,0.03,0.0,6.28,7,108,1
520,Stephen Crainey,Southampton,90.98,5.8,5.8,6.5,6.0,7.3,1,1.0,0.03,0.03,0.02,0.02,0.0,6.28,2,44,1
112,Cristian Gamboa Luna,Bochum,90.98,6.2,6.1,6.2,6.7,6.1,1,1.0,0.03,0.04,0.03,0.02,0.0,6.26,9,281,1
37,Ali Albulayhi,Saudi Arabia,133.95,6.7,6.6,6.4,5.7,5.9,2,1.5,0.03,0.03,0.02,0.02,0.0,6.26,43,106,1
379,Marvin Friedrich,Borussia Mönchengladbach,91.98,6.4,6.5,6.1,6.7,5.6,1,1.0,0.03,0.04,0.03,0.02,0.0,6.26,9,281,1
148,Dimitri Foulquier,Granada,92.98,5.6,6.4,7.2,6.8,5.3,1,1.0,0.03,0.04,0.02,0.03,0.0,6.26,11,42,1
567,Youssouf Koné,AC Ajaccio,71.0,6.2,6.6,6.1,6.3,6.0,1,0.8,0.03,0.04,0.03,0.03,0.0,6.24,7,235,1
464,Paweł Wszołek,Hellas Verona,106.95,5.7,5.7,5.5,6.9,7.4,2,1.2,0.03,0.03,0.02,0.02,0.0,6.24,12,27,1
425,Neco Williams,Wales,133.98,6.5,6.1,5.7,6.5,6.4,2,1.5,0.03,0.03,0.02,0.02,0.0,6.24,43,106,1
175,Ervin Zukanović,Sampdoria,169.0,6.7,6.9,4.7,6.4,6.5,4,1.9,0.03,0.03,0.02,0.02,0.0,6.24,12,27,1
516,Souleyman Doumbia,Angers,94.98,6.5,6.3,6.2,5.6,6.5,1,1.1,0.03,0.04,0.03,0.03,0.0,6.22,7,235,1
180,Fabio Daprelà,Palermo,132.98,6.2,6.1,6.6,6.2,6.0,3,1.5,0.03,0.03,0.02,0.02,0.0,6.22,12,27,1
288,Joseph Scally,Borussia Mönchengladbach,90.98,6.4,5.7,6.3,6.1,6.6,1,1.0,0.03,0.04,0.03,0.02,0.0,6.22,9,281,1
235,Hugo Mallo Novegil,Celta Vigo,92.98,6.0,5.6,6.4,6.2,6.9,1,1.0,0.03,0.04,0.03,0.03,0.0,6.22,11,90,1
152,Djibril Sidibé,AS Monaco,90.98,6.1,6.0,6.4,6.1,6.5,1,1.0,0.04,0.04,0.03,0.03,0.0,6.22,7,108,1
581,Óscar de Marcos Arana,Athletic Club,90.98,6.0,6.4,6.3,6.6,5.8,1,1.0,0.03,0.03,0.02,0.02,0.0,6.22,11,4,1
219,Gennaro Sardo,Chievo,164.97,6.3,6.4,5.4,6.5,6.5,3,1.8,0.03,0.03,0.02,0.02,0.0,6.22,12,27,1
62,Antonio García Aranda,Levante UD,92.97,5.6,6.0,7.3,6.3,5.8,1,1.0,0.03,0.04,0.02,0.03,0.0,6.2,11,42,1
362,Marcelo Vieira da Silva Júnior,Real Madrid,91.98,5.7,6.2,6.1,6.0,7.0,1,1.0,0.03,0.04,0.02,0.03,0.0,6.2,11,42,1
559,Víctor David Díaz Miguel,Granada,90.98,5.4,6.2,7.4,5.9,6.1,1,1.0,0.03,0.04,0.02,0.03,0.0,6.2,11,42,1
534,Thomas Heurtaux,Udinese,179.97,6.5,7.3,5.4,5.6,6.2,2,2.0,0.03,0.03,0.02,0.02,0.0,6.2,12,27,1
181,Fabián Ruiz Peña,Paris Saint-Germain,47.98,5.9,6.3,6.3,6.1,6.4,1,0.5,0.03,0.04,0.03,0.03,0.0,6.2,7,235,1
56,Angelo Smit Preciado Quiñónez,Ecuador,93.97,6.0,6.0,5.9,6.3,6.8,1,1.0,0.03,0.03,0.02,0.02,0.0,6.2,43,106,1
41,Allan Romeo Nyom,Getafe,91.98,5.5,5.8,8.0,5.9,5.8,1,1.0,0.03,0.04,0.02,0.03,0.0,6.2,11,42,1
138,Davide Calabria,AC Milan,148.95,6.1,5.4,6.5,5.6,7.3,3,1.7,0.03,0.03,0.02,0.02,0.0,6.18,12,27,1
17,Alberto Moreno Pérez,Villarreal,94.97,5.7,6.4,6.0,6.3,6.5,1,1.1,0.03,0.04,0.02,0.03,0.0,6.18,11,42,1
454,Otar Kakabadze,Georgia,94.98,6.0,5.7,7.0,5.9,6.2,1,1.1,0.04,0.04,0.03,0.03,0.0,6.16,55,282,1
424,Nathaniel Atkinson,Australia,84.0,5.9,6.1,7.3,6.2,5.3,1,0.9,0.03,0.03,0.02,0.02,0.0,6.16,43,106,1
310,Juan Marcos Foyth,Villarreal,94.98,6.1,6.4,5.4,6.9,6.0,1,1.1,0.03,0.04,0.03,0.03,0.0,6.16,11,90,1
456,Pablo Ezequiel De Blasis,Eibar,92.98,6.0,6.5,5.4,6.4,6.5,1,1.0,0.03,0.03,0.02,0.02,0.0,6.16,11,4,1
242,Ignacio Monreal Eraso,Real Sociedad,92.98,5.7,6.4,6.2,6.0,6.4,1,1.0,0.03,0.04,0.02,0.03,0.0,6.14,11,42,1
28,Alessandro Pistone,Everton,93.98,5.6,5.7,6.1,6.0,7.3,1,1.0,0.03,0.03,0.02,0.02,0.0,6.14,2,44,1
320,Konrad Laimer,Bayern Munich,83.0,6.3,6.7,6.3,5.5,5.9,1,0.9,0.03,0.04,0.03,0.02,0.0,6.14,9,281,1
223,Gilberto Moraes Junior,Hellas Verona,129.92,5.9,6.0,6.7,6.2,5.9,3,1.4,0.03,0.03,0.02,0.02,0.0,6.14,12,27,1
247,Ismaël Chester Diallo,AC Ajaccio,80.8,6.3,6.4,6.2,6.2,5.6,2,0.9,0.03,0.04,0.03,0.03,0.0,6.14,7,235,1
297,José Ignacio Martínez García,Real Valladolid,92.98,6.3,5.8,6.2,5.8,6.5,1,1.0,0.03,0.03,0.02,0.02,0.0,6.12,11,4,1
503,Saúl Ñíguez Esclapez,Atlético Madrid,93.98,5.6,5.9,6.3,6.5,6.3,1,1.0,0.03,0.04,0.02,0.03,0.0,6.12,11,42,1
414,Mohamed Simakan,RB Leipzig,74.0,6.1,6.1,6.1,6.4,5.9,1,0.8,0.03,0.04,0.03,0.02,0.0,6.12,9,281,1
436,Niels Nkounkou,Eintracht Frankfurt,67.0,6.2,5.9,6.4,6.2,5.9,1,0.7,0.03,0.04,0.03,0.02,0.0,6.12,9,281,1
13,Aihen Muñoz Capellán,Real Sociedad,92.98,6.3,6.1,6.6,6.0,5.6,1,1.0,0.03,0.03,0.02,0.02,0.0,6.12,11,4,1
385,Matteo Darmian,Italy,82.97,6.0,6.1,6.9,6.2,5.4,2,0.9,0.04,0.04,0.03,0.03,0.0,6.12,55,282,1
437,Niklas Süle,Germany,97.98,6.1,6.7,5.2,6.8,5.7,1,1.1,0.03,0.03,0.02,0.02,0.0,6.1,43,106,1
67,Arial Benabent Mendy,Clermont Foot,90.98,6.3,6.0,6.4,5.4,6.4,1,1.0,0.04,0.04,0.03,0.03,0.0,6.1,7,108,1
341,Lucas Neill,Blackburn Rovers,91.98,5.8,6.0,6.2,5.9,6.6,1,1.0,0.03,0.03,0.02,0.02,0.0,6.1,2,44,1
484,René Salomon Olembé-Olembé,Leeds United,90.98,5.8,6.0,5.9,6.0,6.8,1,1.0,0.03,0.03,0.02,0.02,0.0,6.1,2,44,1
186,Fali Candé,Metz,94.98,6.3,5.4,6.0,5.7,7.1,1,1.1,0.04,0.04,0.03,0.03,0.0,6.1,7,108,1
543,Tomás Eduardo Rincón Hernández,Genoa,94.95,5.7,6.3,6.6,6.2,5.7,1,1.1,0.03,0.03,0.02,0.02,0.0,6.1,12,27,1
97,Carlos Mario Carbonero Mancilla,Sampdoria,113.98,5.7,6.3,6.8,6.0,5.7,2,1.3,0.03,0.03,0.02,0.02,0.0,6.1,12,27,1
470,Philipp Mwene,Austria,107.0,6.3,5.9,5.2,6.1,6.9,2,1.2,0.04,0.04,0.03,0.03,0.0,6.08,55,282,1
232,Hermann Hreidarsson,Charlton Athletic,90.98,5.9,6.0,6.2,6.1,6.2,1,1.0,0.03,0.03,0.02,0.02,0.0,6.08,2,44,1
577,Ángel Martín Correa,Atlético Madrid,57.98,5.6,6.4,6.6,6.2,5.6,1,0.6,0.03,0.03,0.02,0.02,0.0,6.08,11,4,1
296,José Ignacio Fernández Iglesias,Spain,93.98,6.0,6.5,5.7,6.6,5.6,1,1.0,0.04,0.04,0.03,0.03,0.0,6.08,55,282,1
576,Álvaro Tejero Sacristán,Eibar,85.0,5.3,6.3,5.3,6.7,6.8,1,0.9,0.03,0.04,0.02,0.03,0.0,6.08,11,42,1
289,Josha Mamadou Karaboue Vagnoman,VfB Stuttgart,81.0,6.2,5.4,7.1,5.5,6.2,1,0.9,0.03,0.04,0.03,0.02,0.0,6.08,9,281,1
419,Moussa Wagué,Barcelona,92.98,5.5,5.8,6.5,6.5,6.1,1,1.0,0.03,0.04,0.02,0.03,0.0,6.08,11,42,1
171,Enzo Gianni Tchato Mbiayi,Montpellier,88.98,6.3,6.1,6.3,6.0,5.7,1,1.0,0.03,0.04,0.03,0.03,0.0,6.08,7,235,1
233,Hiroki Sakai,Japan,72.0,5.8,6.2,6.2,6.0,6.1,1,0.8,0.03,0.03,0.02,0.02,0.0,6.06,43,106,1
38,Alidu Seidu,Ghana,98.98,6.1,6.5,5.8,6.1,5.8,1,1.1,0.03,0.03,0.02,0.02,0.0,6.06,43,106,1
313,Kevin Mbabu,Augsburg,92.98,6.3,5.4,6.6,6.4,5.6,1,1.0,0.03,0.04,0.03,0.02,0.0,6.06,9,281,1
23,Alejandro Pozo Pozo,Mallorca,91.98,5.4,5.8,6.3,6.2,6.6,1,1.0,0.03,0.04,0.02,0.03,0.0,6.06,11,42,1
315,Kevin Paredes,Wolfsburg,87.0,6.4,5.8,6.3,5.9,5.8,1,1.0,0.03,0.04,0.03,0.02,0.0,6.04,9,281,1
98,Carlos Martín Vigaray,Deportivo Alavés,89.98,6.0,5.4,6.6,6.3,5.9,1,1.0,0.03,0.03,0.02,0.02,0.0,6.04,11,4,1
329,Luan Peres Petroni,Marseille,94.98,6.3,6.1,6.2,6.0,5.6,1,1.1,0.04,0.04,0.03,0.03,0.0,6.04,7,108,1
528,Tariq Lamptey,Ghana,107.97,6.1,5.8,6.6,5.5,6.2,2,1.2,0.03,0.03,0.02,0.02,0.0,6.04,43,106,1
18,Alberto Rodríguez Baró,Deportivo Alavés,89.0,6.1,6.3,5.4,6.7,5.7,1,1.0,0.03,0.04,0.03,0.03,0.0,6.04,11,90,1
332,Luca Cigarini,Atalanta,93.98,5.7,5.0,7.3,5.9,6.3,1,1.0,0.03,0.03,0.02,0.02,0.0,6.04,12,27,1
155,Dylan Daniel Mahmoud Bronn,Metz,93.95,6.1,6.1,6.3,6.3,5.4,1,1.0,0.04,0.04,0.03,0.03,0.0,6.04,7,108,1
205,Franck Queudrue,Middlesbrough,90.98,5.8,5.6,6.6,5.7,6.5,1,1.0,0.03,0.03,0.02,0.02,0.0,6.04,2,44,1
449,Oleksandr Tymchyk,Ukraine,109.97,6.1,5.4,6.5,6.0,6.2,2,1.2,0.04,0.04,0.03,0.03,0.0,6.04,55,282,1
284,Jorge Eduardo Sánchez Ramos,Mexico,85.0,6.0,6.5,5.2,6.5,6.0,1,0.9,0.03,0.03,0.02,0.02,0.0,6.04,43,106,1
78,Ben Thatcher,Leicester City,91.98,5.9,5.3,6.3,5.6,7.0,1,1.0,0.03,0.03,0.02,0.02,0.0,6.02,2,44,1
257,Jamie Carragher,Liverpool,91.97,5.6,5.8,6.5,6.0,6.2,1,1.0,0.03,0.03,0.02,0.02,0.0,6.02,2,44,1
263,Jean-Charles Castelletto,Nantes,64.0,6.0,6.3,5.5,6.4,5.9,1,0.7,0.03,0.04,0.03,0.03,0.0,6.02,7,235,1
391,Mauricio Taricco,Tottenham Hotspur,96.98,5.9,6.1,5.9,6.2,6.0,1,1.1,0.03,0.03,0.02,0.02,0.0,6.02,2,44,1
261,Javier López Rodríguez,Espanyol,94.95,6.1,5.4,6.0,6.4,6.2,1,1.1,0.03,0.03,0.02,0.02,0.0,6.02,11,4,1
26,Alessandro Frara,Frosinone,112.98,5.9,5.3,6.5,6.2,6.1,2,1.3,0.03,0.03,0.02,0.02,0.0,6.0,12,27,1
238,Ian Harte,Leeds United,86.0,5.7,6.0,6.4,5.8,6.1,1,1.0,0.03,0.03,0.02,0.02,0.0,6.0,2,44,1
496,Róbert Mazáň,Celta Vigo,91.97,6.3,5.4,6.3,6.0,6.0,1,1.0,0.03,0.03,0.02,0.02,0.0,6.0,11,4,1
220,Gerson Santos da Silva,Marseille,93.98,6.3,5.4,6.3,5.4,6.6,1,1.0,0.04,0.04,0.03,0.03,0.0,6.0,7,108,1
524,Sultan Abdullah Salim Al Ghannam,Saudi Arabia,113.97,6.2,5.7,5.2,5.9,7.0,2,1.3,0.03,0.03,0.02,0.02,0.0,6.0,43,106,1
353,Lutsharel Geertruida,Netherlands,96.98,6.0,6.3,5.9,6.0,5.8,1,1.1,0.04,0.04,0.03,0.03,0.0,6.0,55,282,1
512,Simon Davies,Tottenham Hotspur,96.98,5.7,5.8,5.9,5.5,7.0,1,1.1,0.03,0.03,0.02,0.02,0.0,5.98,2,44,1
515,Siniša Anđelković,Palermo,145.98,6.3,5.4,6.3,7.2,4.7,2,1.6,0.03,0.03,0.02,0.02,0.0,5.98,12,27,1
130,Danny Higginbotham,Southampton,87.0,5.8,5.5,6.8,5.8,6.0,1,1.0,0.03,0.03,0.02,0.02,0.0,5.98,2,44,1
73,Axel Disasi,France,105.75,6.2,6.1,5.6,6.1,5.9,2,1.2,0.03,0.03,0.02,0.02,0.0,5.98,43,106,1
207,Frank Mohammed Sinclair,Leicester City,89.98,5.6,5.9,6.7,5.8,5.9,1,1.0,0.03,0.03,0.02,0.02,0.0,5.98,2,44,1
176,Ethan Ampadu,Wales,92.98,6.1,5.2,6.3,5.9,6.4,1,1.0,0.03,0.03,0.02,0.02,0.0,5.98,43,106,1
537,Thomas Vermaelen,Barcelona,70.0,5.9,6.6,5.9,6.1,5.4,1,0.8,0.03,0.03,0.02,0.02,0.0,5.98,11,4,1
374,Markus Babbel,Blackburn Rovers,81.0,5.5,5.6,6.9,5.6,6.3,1,0.9,0.03,0.03,0.02,0.02,0.0,5.98,2,44,1
547,Valentin Rongier,Marseille,76.0,6.0,6.2,6.0,5.9,5.8,1,0.8,0.04,0.04,0.03,0.03,0.0,5.98,7,108,1
418,Moussa Diarra,Toulouse,70.0,6.2,5.5,5.5,6.8,5.9,1,0.8,0.03,0.04,0.03,0.03,0.0,5.98,7,235,1
208,Fábio Pereira da Silva,Nantes,52.0,5.8,6.1,5.9,6.0,6.0,1,0.6,0.04,0.04,0.03,0.03,0.0,5.96,7,108,1
69,Arnaud Souquet,Montpellier,75.0,5.9,6.1,6.0,5.5,6.3,1,0.8,0.04,0.04,0.03,0.03,0.0,5.96,7,108,1
475,Przemysław Frankowski,Poland,92.98,6.0,5.6,5.8,6.0,6.4,1,1.0,0.04,0.04,0.03,0.03,0.0,5.96,55,282,1
396,Maximilian Wöber,Sevilla,57.0,5.7,6.0,6.1,6.0,6.0,1,0.6,0.03,0.03,0.02,0.02,0.0,5.96,11,4,1
113,Cristian Molinaro,Torino,91.97,5.7,6.2,6.5,6.0,5.4,1,1.0,0.03,0.03,0.02,0.02,0.0,5.96,12,27,1
429,Nicky Hunt,Bolton Wanderers,89.0,5.6,6.0,5.9,6.0,6.3,1,1.0,0.03,0.03,0.02,0.02,0.0,5.96,2,44,1
457,Pablo Hervías Ruiz,Real Valladolid,90.98,6.1,5.9,5.4,6.3,6.1,1,1.0,0.03,0.04,0.03,0.03,0.0,5.96,11,90,1
370,Mario Melchiot,Chelsea,91.98,5.6,6.0,6.0,5.9,6.3,1,1.0,0.03,0.03,0.02,0.02,0.0,5.96,2,44,1
348,Lukas Klostermann,Germany,79.93,5.8,6.1,5.6,6.4,5.9,2,0.9,0.03,0.03,0.02,0.02,0.0,5.96,43,106,1
531,Thierry Rendall Correia,Valencia,92.98,6.0,5.4,6.8,5.5,6.1,1,1.0,0.03,0.04,0.03,0.03,0.0,5.96,11,90,1
535,Thomas Meunier,Belgium,80.0,5.8,6.5,5.7,5.5,6.3,1,0.9,0.03,0.03,0.02,0.02,0.0,5.96,43,106,1
564,Xavier Quintillà Guasch,Villarreal,92.98,5.6,6.0,6.7,5.6,5.8,1,1.0,0.03,0.04,0.02,0.03,0.0,5.94,11,42,1
159,Edimilson Fernandes,Switzerland,130.97,6.4,6.2,5.4,5.5,6.2,2,1.5,0.03,0.03,0.02,0.02,0.0,5.94,43,106,1
304,Joško Gvardiol,Croatia,90.98,6.1,6.4,6.0,5.9,5.3,1,1.0,0.04,0.04,0.03,0.03,0.0,5.94,55,282,1
162,Ehsan Hajsafi,Iran,71.0,5.9,6.0,5.8,6.0,5.9,1,0.8,0.03,0.03,0.02,0.02,0.0,5.92,43,106,1
522,Steve Finnan,Liverpool,92.98,5.6,6.0,6.1,6.2,5.7,1,1.0,0.03,0.03,0.02,0.02,0.0,5.92,2,44,1
191,Federico Mattiello,Chievo,91.98,5.5,5.7,6.0,6.0,6.4,1,1.0,0.03,0.03,0.02,0.02,0.0,5.92,12,27,1
188,Federico Barba,Real Valladolid,88.0,5.6,5.9,6.3,5.9,5.9,1,1.0,0.03,0.04,0.02,0.03,0.0,5.92,11,42,1
222,Gideon Mensah,Ghana,86.0,6.1,6.2,5.7,5.8,5.8,1,1.0,0.03,0.03,0.02,0.02,0.0,5.92,43,106,1
258,Jamie Clapham,Birmingham City,92.98,5.8,6.0,5.8,6.4,5.6,1,1.0,0.03,0.03,0.02,0.02,0.0,5.92,2,44,1
228,Glen Johnson,Chelsea,89.0,5.6,6.0,5.9,5.9,6.2,1,1.0,0.03,0.03,0.02,0.02,0.0,5.92,2,44,1
294,José Antonio Rodríguez Díaz,Granada,86.0,6.1,5.4,5.4,5.9,6.8,1,1.0,0.03,0.04,0.03,0.03,0.0,5.92,11,90,1
316,Kevin Vázquez Comesaña,Celta Vigo,83.98,6.0,5.8,6.3,6.0,5.5,1,0.9,0.03,0.04,0.03,0.03,0.0,5.92,11,90,1
364,Marco Parolo,Lazio,87.0,5.6,5.4,5.7,5.9,6.9,1,1.0,0.03,0.03,0.02,0.02,0.0,5.9,12,27,1
526,Sébastien Schemmel,Portsmouth,92.97,5.6,5.7,6.6,5.5,6.1,1,1.0,0.03,0.03,0.02,0.02,0.0,5.9,2,44,1
405,Miguel Ángel Trauco Saavedra,Saint-Étienne,91.98,6.3,5.4,5.9,5.9,6.0,1,1.0,0.04,0.04,0.03,0.03,0.0,5.9,7,108,1
566,Yasir Gharsan Al Shahrani,Saudi Arabia,94.98,6.2,5.6,6.0,5.4,6.3,1,1.1,0.03,0.03,0.02,0.02,0.0,5.9,43,106,1
409,Mikkel Desler,Toulouse,31.98,5.6,5.8,6.6,5.9,5.6,1,0.4,0.03,0.04,0.03,0.03,0.0,5.9,7,235,1
262,Javier Moyano Lujano,Real Valladolid,93.98,5.4,5.6,6.1,6.2,6.2,1,1.0,0.03,0.04,0.02,0.03,0.0,5.9,11,42,1
408,Miki Yamane,Japan,57.0,5.6,5.9,5.8,5.8,6.4,1,0.6,0.03,0.03,0.02,0.02,0.0,5.9,43,106,1
256,Jakub Piotr Kiwior,Poland,92.98,6.1,5.8,5.9,6.1,5.5,1,1.0,0.04,0.04,0.03,0.03,0.0,5.88,55,282,1
471,Philippe Coutinho Correia,Barcelona,46.98,5.5,6.2,5.4,6.2,6.1,1,0.5,0.03,0.03,0.02,0.02,0.0,5.88,11,4,1
275,John O''Shea,Manchester United,92.95,5.9,5.4,6.1,5.5,6.5,1,1.0,0.03,0.03,0.02,0.02,0.0,5.88,2,44,1
416,Mohammed Al Burayk,Saudi Arabia,64.0,5.8,6.1,5.6,5.9,6.0,1,0.7,0.03,0.03,0.02,0.02,0.0,5.88,43,106,1
572,Yvann Macon,Saint-Étienne,85.0,6.1,5.4,6.2,5.4,6.3,1,0.9,0.04,0.04,0.03,0.03,0.0,5.88,7,108,1
518,Stefano Sabelli,Carpi,93.98,5.5,5.7,5.7,5.8,6.7,1,1.0,0.03,0.03,0.02,0.02,0.0,5.88,12,27,1
15,Alan Wright,Middlesbrough,90.98,5.8,6.0,5.9,5.7,6.0,1,1.0,0.03,0.03,0.02,0.02,0.0,5.88,2,44,1
143,Denis Irwin,Wolverhampton Wanderers,91.98,5.6,5.7,5.9,5.6,6.6,1,1.0,0.03,0.03,0.02,0.02,0.0,5.88,2,44,1
499,Sam Adekugbe,Canada,81.98,6.0,6.1,5.2,6.1,6.0,2,0.9,0.03,0.03,0.02,0.02,0.0,5.88,43,106,1
544,Tony Hibbert,Everton,90.98,5.6,6.1,5.5,6.2,5.9,1,1.0,0.03,0.03,0.02,0.02,0.0,5.86,2,44,1
540,Timothy Castagne,Belgium,92.98,6.0,5.8,5.2,6.0,6.3,1,1.0,0.04,0.04,0.03,0.03,0.0,5.86,55,282,1
253,Iván Balliu Campeny,Albania,85.97,5.9,6.0,5.9,5.9,5.6,1,1.0,0.04,0.04,0.03,0.03,0.0,5.86,55,282,1
404,Micky van de Ven,Netherlands,76.93,6.0,5.8,5.7,5.7,6.1,4,0.9,0.04,0.04,0.03,0.03,0.0,5.86,55,282,1
458,Pablo Paulino Rosario,OGC Nice,23.97,5.5,5.9,6.0,5.9,6.0,1,0.3,0.03,0.04,0.03,0.03,0.0,5.86,7,235,1
61,Antonio Candreva,Lazio,95.98,5.7,5.8,4.7,6.0,7.1,1,1.1,0.03,0.03,0.02,0.02,0.0,5.86,12,27,1
118,Damien Johnson,Birmingham City,91.98,5.6,6.2,5.7,6.4,5.3,1,1.0,0.03,0.03,0.02,0.02,0.0,5.84,2,44,1
132,Darren Kenton,Southampton,117.98,6.0,5.4,6.3,5.6,5.9,2,1.3,0.03,0.03,0.02,0.02,0.0,5.84,2,44,1
83,Bilal Brahimi,OGC Nice,25.97,5.6,5.5,5.8,6.0,6.3,1,0.3,0.03,0.04,0.03,0.03,0.0,5.84,7,235,1
448,Oleg Luzhny,Wolverhampton Wanderers,89.95,5.6,6.3,5.9,5.8,5.6,1,1.0,0.03,0.03,0.02,0.02,0.0,5.84,2,44,1
426,Nelson Sissoko,Saint-Étienne,47.0,5.7,6.1,5.9,6.1,5.4,1,0.5,0.04,0.04,0.03,0.03,0.0,5.84,7,108,1
446,Néstor Alejandro Araújo Razo,Mexico,92.97,6.0,5.7,5.6,6.2,5.7,1,1.0,0.03,0.03,0.02,0.02,0.0,5.84,43,106,1
521,Stephen Kelly,Tottenham Hotspur,78.0,5.4,6.0,5.9,5.9,5.9,1,0.9,0.03,0.03,0.02,0.02,0.0,5.82,2,44,1
92,Bryan Oviedo,Costa Rica,81.0,6.0,5.7,5.7,6.1,5.6,1,0.9,0.03,0.03,0.02,0.02,0.0,5.82,43,106,1
55,Andy Impey,Leicester City,92.98,5.6,5.7,5.3,5.8,6.7,1,1.0,0.03,0.03,0.02,0.02,0.0,5.82,2,44,1
80,Benjamin Pavard,France,88.0,5.9,6.4,5.2,6.1,5.5,1,1.0,0.03,0.03,0.02,0.02,0.0,5.82,43,106,1
476,Quentin Merlin,Nantes,34.87,5.6,5.9,5.4,5.8,6.4,1,0.4,0.04,0.04,0.03,0.03,0.0,5.82,7,108,1
527,Tajon Buchanan,Canada,93.98,6.2,5.2,5.2,6.3,6.2,1,1.0,0.03,0.03,0.02,0.02,0.0,5.82,43,106,1
136,David Unsworth,Everton,67.0,5.6,5.4,5.9,5.4,6.8,1,0.7,0.03,0.03,0.02,0.02,0.0,5.82,2,44,1
59,Antoine Mendy,OGC Nice,62.0,6.0,5.5,6.0,5.5,6.0,1,0.7,0.03,0.04,0.03,0.03,0.0,5.8,7,235,1
0,Aaron Hughes,Newcastle United,92.98,5.6,6.0,5.7,5.9,5.8,1,1.0,0.03,0.03,0.02,0.02,0.0,5.8,2,44,1
525,Sébastien Corchia,Nantes,41.0,5.6,5.9,5.8,5.7,5.9,1,0.5,0.04,0.04,0.03,0.03,0.0,5.78,7,108,1
561,Warren Kamanzi,Toulouse,59.0,5.9,6.3,5.5,5.5,5.7,1,0.7,0.03,0.04,0.03,0.03,0.0,5.78,7,235,1
272,Joakim Mæhle,Denmark,95.98,6.2,6.0,5.2,5.8,5.7,1,1.1,0.04,0.04,0.03,0.03,0.0,5.78,55,282,1
455,Pablo Estífer Armero,Udinese,95.98,5.7,5.7,4.7,6.0,6.8,1,1.1,0.03,0.03,0.02,0.02,0.0,5.78,12,27,1
177,Ezequiel Muñoz,Genoa,93.98,5.6,5.9,6.4,5.9,5.1,1,1.0,0.03,0.03,0.02,0.02,0.0,5.78,12,27,1
249,Issa Kabore,Marseille,24.95,5.5,5.9,6.3,5.5,5.7,1,0.3,0.03,0.04,0.03,0.03,0.0,5.78,7,235,1
107,Colin Cooper,Middlesbrough,91.98,5.7,5.8,5.8,5.5,6.0,1,1.0,0.03,0.03,0.02,0.02,0.0,5.76,2,44,1
45,Amine Adli,Bayer Leverkusen,27.0,5.6,5.4,5.4,6.1,6.3,1,0.3,0.03,0.04,0.03,0.02,0.0,5.76,9,281,1
239,Ian Maatsen,Borussia Dortmund,45.0,5.9,5.4,6.6,5.4,5.5,1,0.5,0.03,0.04,0.03,0.02,0.0,5.76,9,281,1
352,Luke Young,Charlton Athletic,91.98,5.6,5.5,6.0,5.5,6.2,1,1.0,0.03,0.03,0.02,0.02,0.0,5.76,2,44,1
140,Davide Zappacosta,Torino,89.98,5.4,5.7,6.1,6.1,5.5,1,1.0,0.03,0.03,0.02,0.02,0.0,5.76,12,27,1
16,Alberto Grassi,Atalanta,91.98,5.5,6.2,5.5,6.7,4.8,1,1.0,0.03,0.03,0.02,0.02,0.0,5.74,12,27,1
569,Yukhym Konoplya,Ukraine,71.0,5.8,6.0,5.5,5.8,5.6,1,0.8,0.04,0.04,0.03,0.03,0.0,5.74,55,282,1
166,Emerson Palmieri dos Santos,AS Roma,136.72,6.3,5.5,5.8,5.3,5.8,4,1.5,0.03,0.03,0.02,0.02,0.0,5.74,12,27,1
86,Boris Živković,Portsmouth,86.98,5.8,5.7,5.8,5.5,5.8,1,1.0,0.03,0.03,0.02,0.02,0.0,5.72,2,44,1
108,Colin Dagba,Paris Saint-Germain,28.98,5.5,5.8,5.6,5.9,5.8,1,0.3,0.04,0.04,0.03,0.03,0.0,5.72,7,108,1
403,Mickaël Alphonse,AC Ajaccio,17.0,5.5,5.8,5.5,5.5,6.3,1,0.2,0.03,0.04,0.03,0.03,0.0,5.72,7,235,1
70,Arthur Theate,Belgium,72.0,5.9,6.0,5.4,5.8,5.4,1,0.8,0.04,0.04,0.03,0.03,0.0,5.7,55,282,1
57,Ansgar Knauff,Eintracht Frankfurt,23.98,5.6,5.4,5.4,5.7,6.4,1,0.3,0.03,0.04,0.03,0.02,0.0,5.7,9,281,1
190,Federico Dimarco,Italy,82.0,6.0,5.2,5.2,6.4,5.7,1,0.9,0.04,0.04,0.03,0.03,0.0,5.7,55,282,1
209,Gabriel Alonso Suazo Urbina,Toulouse,19.93,5.5,5.8,5.5,5.9,5.8,1,0.2,0.03,0.04,0.03,0.03,0.0,5.7,7,235,1
322,Kévin Constant,Bologna,108.95,5.9,6.3,4.7,6.3,5.2,2,1.2,0.03,0.03,0.02,0.02,0.0,5.68,12,27,1
460,Paolo Sammarco,Frosinone,92.98,5.6,5.9,5.6,6.0,5.3,1,1.0,0.03,0.03,0.02,0.02,0.0,5.68,12,27,1
131,Danny Mills,Middlesbrough,89.98,5.7,5.4,6.0,5.8,5.5,1,1.0,0.03,0.03,0.02,0.02,0.0,5.68,2,44,1
451,Oliver Kragl,Frosinone,94.97,5.7,5.5,5.6,5.1,6.5,1,1.1,0.03,0.03,0.02,0.02,0.0,5.68,12,27,1
259,Jan Vertonghen,Belgium,94.98,6.2,6.1,5.2,5.7,5.2,1,1.1,0.03,0.03,0.02,0.02,0.0,5.68,43,106,1
94,Caio Henrique Oliveira Silva,AS Monaco,44.0,5.7,5.4,5.4,5.9,6.0,1,0.5,0.04,0.04,0.03,0.03,0.0,5.68,7,108,1
513,Simone Missiroli,Sassuolo,91.98,5.5,5.6,5.3,6.2,5.8,1,1.0,0.03,0.03,0.02,0.02,0.0,5.68,12,27,1
575,Álvaro Odriozola Arzallus,Real Madrid,47.98,5.7,5.7,5.9,5.5,5.6,1,0.5,0.03,0.04,0.03,0.03,0.0,5.68,11,90,1
452,Olivier Bernard,Newcastle United,91.98,5.8,6.0,5.8,5.5,5.3,1,1.0,0.03,0.03,0.02,0.02,0.0,5.68,2,44,1
95,Carlos Clerc Martínez,Levante UD,92.98,5.6,5.3,6.1,5.4,5.9,1,1.0,0.03,0.04,0.02,0.03,0.0,5.66,11,42,1
303,João Victor da Silva Marcelino,Nantes,22.98,5.5,5.9,5.5,5.9,5.5,1,0.3,0.03,0.04,0.03,0.03,0.0,5.66,7,235,1
141,DeAndre Yedlin,United States,45.95,5.5,5.6,5.6,5.8,5.8,2,0.5,0.03,0.03,0.02,0.02,0.0,5.66,43,106,1
133,David Doudera,Czech Republic,89.98,6.1,5.2,5.8,5.5,5.7,1,1.0,0.04,0.04,0.03,0.03,0.0,5.66,55,282,1
523,Stuart Parnaby,Middlesbrough,90.98,5.6,5.8,5.4,5.5,6.0,1,1.0,0.03,0.03,0.02,0.02,0.0,5.66,2,44,1
43,Amankwaa Akurugu,Getafe,45.92,5.7,6.0,5.4,5.5,5.7,1,0.5,0.03,0.04,0.03,0.03,0.0,5.66,11,90,1
91,Bruno da Silva Peres,Torino,92.98,5.5,5.5,5.9,5.4,6.0,1,1.0,0.03,0.03,0.02,0.02,0.0,5.66,12,27,1
53,Andrei Burcă Andonie,Romania,81.0,6.0,5.8,5.2,5.5,5.7,1,0.9,0.04,0.04,0.03,0.03,0.0,5.64,55,282,1
105,Chul Hong,South Korea,44.0,5.6,5.9,5.2,5.8,5.7,1,0.5,0.03,0.03,0.02,0.02,0.0,5.64,43,106,1
163,El Chadaille Bitshiabu,Paris Saint-Germain,18.0,5.5,5.8,5.5,5.8,5.6,1,0.2,0.03,0.04,0.03,0.03,0.0,5.64,7,235,1
48,Andrea Barzagli,Juventus,89.0,5.5,5.5,6.7,5.6,4.9,1,1.0,0.03,0.03,0.02,0.02,0.0,5.64,12,27,1
434,Nicolò Cherubin,Atalanta,107.97,5.9,5.6,5.6,5.5,5.5,2,1.2,0.03,0.03,0.02,0.02,0.0,5.62,12,27,1
189,Federico Bernardeschi,Fiorentina,93.98,5.7,5.7,5.3,5.5,5.9,1,1.0,0.03,0.03,0.02,0.02,0.0,5.62,12,27,1
58,Anthony Rouault,VfB Stuttgart,24.65,5.5,5.7,5.4,5.9,5.5,2,0.3,0.03,0.04,0.03,0.02,0.0,5.6,9,281,1
102,Chris Baird,Southampton,58.0,5.3,5.3,6.3,5.3,5.8,1,0.6,0.03,0.03,0.02,0.02,0.0,5.6,2,44,1
29,Alessio Romagnoli,AC Milan,91.98,5.7,5.2,6.2,5.4,5.4,1,1.0,0.03,0.03,0.02,0.02,0.0,5.58,12,27,1
488,Richie Laryea,Canada,59.0,5.8,5.2,5.7,5.3,5.9,1,0.7,0.03,0.03,0.02,0.02,0.0,5.58,43,106,1
111,Cristian Eduardo Zapata Valencia,AC Milan,82.0,5.4,5.5,6.5,5.6,4.9,1,0.9,0.03,0.03,0.02,0.02,0.0,5.58,12,27,1
467,Perparim Hetemaj,Chievo,92.98,5.7,5.4,6.1,5.1,5.6,1,1.0,0.03,0.03,0.02,0.02,0.0,5.58,12,27,1
375,Marnon Busch,FC Heidenheim,17.98,5.4,5.6,5.9,5.4,5.6,1,0.2,0.03,0.04,0.03,0.02,0.0,5.58,9,281,1
2,Abdelhamid Sabiri,Morocco,26.97,5.4,5.2,5.2,5.7,6.3,1,0.3,0.03,0.03,0.02,0.02,0.0,5.56,43,106,1
100,Carlos Soler Barragán,Paris Saint-Germain,18.98,5.5,5.5,5.5,5.5,5.7,1,0.2,0.03,0.04,0.03,0.03,0.0,5.54,7,235,1
206,Franco Damián Vázquez,Sevilla,40.98,5.4,5.4,5.8,5.7,5.4,1,0.5,0.03,0.03,0.02,0.02,0.0,5.54,11,4,1
481,Rasmus Nissen Kristensen,Denmark,46.0,5.5,5.7,5.2,5.7,5.6,1,0.5,0.03,0.03,0.02,0.02,0.0,5.54,43,106,1
380,Massadio Haïdara,Lens,16.0,5.5,5.5,5.5,5.5,5.7,1,0.2,0.03,0.04,0.03,0.03,0.0,5.54,7,235,1
167,Emil Hallfreðsson,Hellas Verona,93.98,5.7,5.0,5.5,5.3,6.1,1,1.0,0.03,0.03,0.02,0.02,0.0,5.52,12,27,1
99,Carlos Neva Tey,Granada,42.0,5.7,5.4,5.4,5.4,5.7,1,0.5,0.03,0.04,0.03,0.03,0.0,5.52,11,90,1
193,Felipe Dias da Silva dal Belo,Udinese,91.98,5.6,5.5,5.5,5.5,5.5,1,1.0,0.03,0.03,0.02,0.02,0.0,5.52,12,27,1
104,Christophe Hérelle,Stade Brestois,12.87,5.5,5.5,5.5,5.5,5.6,1,0.1,0.03,0.04,0.03,0.03,0.0,5.52,7,235,1
211,Gabriel Iván Mercado,Sevilla,50.0,5.5,5.4,5.9,5.4,5.4,1,0.6,0.03,0.03,0.02,0.02,0.0,5.52,11,4,1
498,Salomon Junior Sambia,Montpellier,14.97,5.4,5.6,5.4,5.6,5.6,1,0.2,0.04,0.04,0.03,0.03,0.0,5.52,7,108,1
134,David Ferreiro Quiroga,Huesca,19.95,5.4,5.5,5.4,5.6,5.7,1,0.2,0.03,0.04,0.03,0.03,0.0,5.52,11,90,1
574,Álvaro Borja Morata Martín,Atlético Madrid,34.98,5.4,5.4,5.8,5.4,5.5,1,0.4,0.03,0.03,0.02,0.02,0.0,5.5,11,4,1
307,Juan Carlos Real Ruiz,Huesca,17.0,5.4,5.4,5.6,5.4,5.7,1,0.2,0.03,0.04,0.03,0.03,0.0,5.5,11,90,1
423,Nathan Tella,Bayer Leverkusen,9.9,5.4,5.4,5.4,5.4,5.9,1,0.1,0.03,0.04,0.03,0.02,0.0,5.5,9,281,1
123,Daniel Wass,Valencia,93.97,5.5,5.3,5.3,5.5,5.9,1,1.0,0.03,0.04,0.02,0.03,0.0,5.5,11,42,1
279,Jordan Lotomba,OGC Nice,14.98,5.4,5.6,5.4,5.6,5.4,1,0.2,0.04,0.04,0.03,0.03,0.0,5.48,7,108,1
240,Ibrahim Amadou,Sevilla,34.95,5.4,5.7,5.4,5.4,5.5,1,0.4,0.03,0.03,0.02,0.02,0.0,5.48,11,4,1
473,Pol Mikel Lirola Kosok,Marseille,18.98,5.4,5.4,5.7,5.4,5.5,1,0.2,0.04,0.04,0.03,0.03,0.0,5.48,7,108,1
269,Jesús Vallejo Lázaro,Granada,32.0,5.5,5.4,5.4,5.4,5.7,1,0.4,0.03,0.04,0.03,0.03,0.0,5.48,11,90,1
153,Domagoj Bradarić,Lille,20.95,5.5,5.4,5.4,5.4,5.7,1,0.2,0.04,0.04,0.03,0.03,0.0,5.48,7,108,1
194,Felix Passlack,Bochum,14.0,5.4,5.4,5.5,5.5,5.6,1,0.2,0.03,0.04,0.03,0.02,0.0,5.48,9,281,1
203,Fran Karačić,Australia,25.98,5.3,5.4,5.5,5.5,5.7,1,0.3,0.03,0.03,0.02,0.02,0.0,5.48,43,106,1
252,Ivaylo Chochev,Palermo,92.98,5.6,5.2,5.7,5.5,5.3,1,1.0,0.03,0.03,0.02,0.02,0.0,5.46,12,27,1
33,Alexander Hartmann Bah,Denmark,47.98,5.5,5.2,5.6,5.2,5.7,1,0.5,0.03,0.03,0.02,0.02,0.0,5.44,43,106,1
81,Benno Schmitz,FC Köln,8.98,5.4,5.4,5.6,5.4,5.4,1,0.1,0.03,0.04,0.03,0.02,0.0,5.44,9,281,1
558,Vratislav Greško,Blackburn Rovers,44.0,5.3,5.4,5.4,5.3,5.8,1,0.5,0.03,0.03,0.02,0.02,0.0,5.44,2,44,1
44,Ambroise Oyongo Bitolo,Montpellier,12.0,5.4,5.4,5.4,5.4,5.5,1,0.1,0.04,0.04,0.03,0.03,0.0,5.42,7,108,1
376,Martin Braithwaite Christensen,Barcelona,6.82,5.4,5.4,5.5,5.4,5.4,1,0.1,0.03,0.04,0.03,0.03,0.0,5.42,11,90,1
11,Adam Obert,Slovakia,24.98,5.4,5.5,5.4,5.5,5.3,1,0.3,0.04,0.04,0.03,0.03,0.0,5.42,55,282,1
490,Riyadh Sharahili,Saudi Arabia,59.97,5.7,5.2,5.2,5.2,5.8,1,0.7,0.03,0.03,0.02,0.02,0.0,5.42,43,106,1
144,Denis Odoi,Ghana,21.9,5.3,5.6,5.3,5.6,5.2,1,0.2,0.03,0.03,0.02,0.02,0.0,5.4,43,106,1
333,Luca Jannis Kilian,FC Köln,2.98,5.4,5.4,5.4,5.4,5.4,1,0.0,0.03,0.04,0.03,0.02,0.0,5.4,9,281,1
338,Lucas Calodat,Saint-Étienne,4.42,5.4,5.4,5.4,5.4,5.4,1,0.0,0.04,0.04,0.03,0.03,0.0,5.4,7,108,1
350,Lukas Ullrich,Borussia Mönchengladbach,4.72,5.4,5.4,5.4,5.4,5.4,1,0.1,0.03,0.04,0.03,0.02,0.0,5.4,9,281,1
125,Daniele Rugani,Juventus,92.98,5.7,5.2,5.9,5.2,5.0,1,1.0,0.03,0.03,0.02,0.02,0.0,5.4,12,27,1
573,Zeno Debast,Belgium,17.97,5.3,5.5,5.3,5.4,5.5,1,0.2,0.04,0.04,0.03,0.03,0.0,5.4,55,282,1
579,Íñigo Lekue Martínez,Athletic Club,8.72,5.4,5.4,5.4,5.4,5.4,1,0.1,0.03,0.04,0.03,0.03,0.0,5.4,11,90,1
324,Lazaros Christodoulopoulos,Sampdoria,76.97,5.3,5.7,4.7,5.3,6.0,2,0.9,0.03,0.03,0.02,0.02,0.0,5.4,12,27,1
491,Robert Skov,Denmark,24.98,5.4,5.2,5.2,5.4,5.7,1,0.3,0.03,0.03,0.02,0.02,0.0,5.38,43,106,1
553,Victor Bernth Kristansen,Denmark,14.88,5.3,5.3,5.6,5.3,5.3,1,0.2,0.04,0.04,0.03,0.03,0.0,5.36,55,282,1
461,Pascal Cygan,Arsenal,71.93,5.6,5.3,5.3,5.3,5.3,2,0.8,0.03,0.03,0.02,0.02,0.0,5.36,2,44,1
545,Trent Alexander-Arnold,England,31.98,5.4,5.4,5.2,5.5,5.3,1,0.4,0.03,0.03,0.02,0.02,0.0,5.36,43,106,1
71,Artur Jędrzejczyk,Poland,22.97,5.3,5.4,5.2,5.5,5.3,1,0.3,0.03,0.03,0.02,0.02,0.0,5.34,43,106,1
96,Carlos Manuel Martínez Castro,Costa Rica,42.0,5.5,5.2,5.6,5.2,5.2,1,0.5,0.03,0.03,0.02,0.02,0.0,5.34,43,106,1
101,Cesare Bovo,Torino,91.98,5.5,5.3,4.7,5.6,5.6,1,1.0,0.03,0.03,0.02,0.02,0.0,5.34,12,27,1
124,Daniele Croce,Empoli,54.0,5.1,5.4,5.5,5.3,5.3,1,0.6,0.03,0.03,0.02,0.02,0.0,5.32,12,27,1
7,Abolfazl Jalali,Iran,26.98,5.4,5.3,5.2,5.3,5.4,1,0.3,0.03,0.03,0.02,0.02,0.0,5.32,43,106,1
314,Kevin Nahin Álvarez Campos,Mexico,10.97,5.2,5.3,5.2,5.5,5.3,1,0.1,0.03,0.03,0.02,0.02,0.0,5.3,43,106,1
482,Raúl García Carnero,Real Valladolid,23.0,5.3,5.3,5.3,5.3,5.3,1,0.3,0.03,0.04,0.02,0.03,0.0,5.3,11,42,1
127,Danilo Fernando Avelar,Torino,36.98,5.0,5.3,5.5,5.0,5.7,1,0.4,0.03,0.03,0.02,0.02,0.0,5.3,12,27,1
149,Dino Baggio,Blackburn Rovers,6.0,5.3,5.3,5.3,5.3,5.3,1,0.1,0.03,0.03,0.02,0.02,0.0,5.3,2,44,1
27,Alessandro Longhi,Sassuolo,89.97,5.6,5.6,4.7,5.5,5.1,2,1.0,0.03,0.03,0.02,0.02,0.0,5.3,12,27,1
49,Andrea Cambiaso,Italy,11.9,5.2,5.4,5.3,5.3,5.3,1,0.1,0.04,0.04,0.03,0.03,0.0,5.3,55,282,1
337,Luca Siligardi,Hellas Verona,35.98,4.9,5.1,5.8,5.0,5.6,1,0.4,0.03,0.03,0.02,0.02,0.0,5.28,12,27,1
550,Vasile Mogoș,Romania,32.0,5.5,5.2,5.2,5.2,5.3,1,0.4,0.04,0.04,0.03,0.03,0.0,5.28,55,282,1
227,Gleison Bremer Silva Nascimento,Brazil,21.98,5.3,5.5,5.2,5.2,5.2,1,0.2,0.03,0.03,0.02,0.02,0.0,5.28,43,106,1
169,Emiliano Moretti,Torino,92.98,5.7,5.1,4.7,5.8,5.0,1,1.0,0.03,0.03,0.02,0.02,0.0,5.26,12,27,1
430,Nico Schlotterbeck,Germany,8.93,5.2,5.3,5.2,5.3,5.3,1,0.1,0.03,0.03,0.02,0.02,0.0,5.26,43,106,1
509,Shaquell Moore,United States,18.93,5.2,5.2,5.3,5.3,5.2,1,0.2,0.03,0.03,0.02,0.02,0.0,5.24,43,106,1
202,Fodé Ballo Touré,Senegal,10.87,5.2,5.4,5.2,5.2,5.2,1,0.1,0.03,0.03,0.02,0.02,0.0,5.24,43,106,1
142,Deian Cristian Sorescu,Romania,4.68,5.2,5.3,5.2,5.2,5.2,1,0.1,0.04,0.04,0.03,0.03,0.0,5.22,55,282,1
347,Luka Lochoshvili,Georgia,20.95,5.3,5.2,5.2,5.2,5.2,1,0.2,0.04,0.04,0.03,0.03,0.0,5.22,55,282,1
172,Eray Ervin Cömert,Switzerland,4.98,5.2,5.2,5.2,5.3,5.2,1,0.1,0.03,0.03,0.02,0.02,0.0,5.22,43,106,1
390,Matías Nicolás Viña Susperreguy,Uruguay,14.98,5.2,5.2,5.3,5.2,5.2,1,0.2,0.03,0.03,0.02,0.02,0.0,5.22,43,106,1
340,Lucas Hernández Pi,France,12.0,5.2,5.2,5.2,5.2,5.2,1,0.1,0.03,0.03,0.02,0.02,0.0,5.2,43,106,1
178,Fabian Frei,Switzerland,7.98,5.2,5.2,5.2,5.2,5.2,1,0.1,0.03,0.03,0.02,0.02,0.0,5.2,43,106,1
248,Issa Cissokho,Genoa,43.77,5.0,5.2,4.7,5.5,5.6,2,0.5,0.03,0.03,0.02,0.02,0.0,5.2,12,27,1
280,Jordan Morris,United States,5.82,5.2,5.2,5.2,5.2,5.2,1,0.1,0.03,0.03,0.02,0.02,0.0,5.2,43,106,1
291,Joshua Zirkzee,Netherlands,1.98,5.2,5.2,5.2,5.2,5.2,1,0.0,0.04,0.04,0.03,0.03,0.0,5.2,55,282,1
439,Norbert Gyömbér,AS Roma,46.98,5.1,5.4,5.1,5.1,5.1,1,0.5,0.03,0.03,0.02,0.02,0.0,5.16,12,27,1
306,Juan Camilo Zúñiga Mosquera,Bologna,55.97,5.1,5.4,4.9,5.3,5.1,2,0.6,0.03,0.03,0.02,0.02,0.0,5.16,12,27,1
372,Marios Oikonomou,Bologna,35.97,4.9,5.0,5.1,5.2,5.1,1,0.4,0.03,0.03,0.02,0.02,0.0,5.06,12,27,1
309,Juan Guillermo Cuadrado Bello,Juventus,25.98,4.8,4.8,5.5,4.8,5.4,1,0.3,0.03,0.03,0.02,0.02,0.0,5.06,12,27,1
477,Rafael Tolói,Atalanta,56.93,5.1,5.3,4.9,5.0,4.8,2,0.6,0.03,0.03,0.02,0.02,0.0,5.02,12,27,1
199,Filippo Costa,Chievo,40.97,5.0,4.7,5.4,4.9,5.1,2,0.5,0.03,0.03,0.02,0.02,0.0,5.02,12,27,1
85,Blerim Džemaili,Genoa,32.98,4.9,4.9,4.7,5.1,5.5,1,0.4,0.03,0.03,0.02,0.02,0.0,5.02,12,27,1
560,Wallace Oliveira dos Santos,Carpi,22.95,4.7,4.7,5.3,4.9,5.1,1,0.3,0.03,0.03,0.02,0.02,0.0,4.94,12,27,1
334,Luca Paganini,Frosinone,31.98,4.9,5.1,4.7,5.3,4.7,1,0.4,0.03,0.03,0.02,0.02,0.0,4.94,12,27,1
197,Filip Helander,Hellas Verona,43.98,5.1,5.0,4.7,4.9,5.0,1,0.5,0.03,0.03,0.02,0.02,0.0,4.94,12,27,1
412,Modibo Diakité,Sampdoria,87.0,5.5,4.7,4.7,4.7,4.8,1,1.0,0.03,0.03,0.02,0.02,0.0,4.88,12,27,1
552,Vasyl Pryyma,Frosinone,27.95,4.8,4.7,4.7,4.7,5.3,1,0.3,0.03,0.03,0.02,0.02,0.0,4.84,12,27,1
392,Maurício dos Santos Nascimento,Lazio,20.32,4.7,4.8,5.2,4.7,4.7,2,0.2,0.03,0.03,0.02,0.02,0.0,4.82,12,27,1
106,Claud Adjapong,Sassuolo,19.98,4.7,5.0,4.9,4.7,4.7,1,0.2,0.03,0.03,0.02,0.02,0.0,4.8,12,27,1
168,Emil Krafth,Bologna,11.8,4.7,4.8,4.8,4.9,4.7,1,0.1,0.03,0.03,0.02,0.02,0.0,4.78,12,27,1
335,Luca Rizzo,Bologna,16.98,4.7,4.8,4.9,4.7,4.7,1,0.2,0.03,0.03,0.02,0.02,0.0,4.76,12,27,1
459,Paolo Cannavaro,Sassuolo,27.92,4.8,4.7,4.7,4.8,4.7,1,0.3,0.03,0.03,0.02,0.02,0.0,4.74,12,27,1
361,Marcelo Alejandro Estigarribia Balmori,Atalanta,15.97,4.7,4.7,4.7,4.7,4.9,1,0.2,0.03,0.03,0.02,0.02,0.0,4.74,12,27,1
363,Marco D''Alessandro,Atalanta,12.85,4.7,4.7,4.7,4.7,4.9,1,0.1,0.03,0.03,0.02,0.02,0.0,4.74,12,27,1
24,Aleksandar Tonev,Frosinone,18.98,4.7,4.7,4.7,4.7,4.7,1,0.2,0.03,0.03,0.02,0.02,0.0,4.7,12,27,1
200,Filippo Falco,Bologna,7.93,4.7,4.7,4.7,4.7,4.7,1,0.1,0.03,0.03,0.02,0.02,0.0,4.7,12,27,1
